"title","class","bin_class"
"Lifeproof case iPhone 4/4s","-1","-1"
"we buy iphone and galaxy","-1","-1"
"I NEED IPHONE 5S ÔøΩ ÔøΩ 6 6+ BRAND NEW SEALED, FROM ATT. NEED QUANTITY!","-1","-1"
"iPhone 4/4s cases","-1","-1"
"WANTED Broken Blacklisted Bricked iPhone 5c/5s/6/6+ Galaxy S5 Note 3/4","-1","-1"
"Gold IPhone 5S box","-1","-1"
"üçéiPhone 5 5s 6 (619)302x82x31üçé iPadüçéiMac üçéMacBoo","-1","-1"
"IPhone 6 or 6+ Wanted!!! **TOP BUYER**","-1","-1"
"att iPhone 4","4","1"
"32 gigabyte iPhone 4s","5","1"
"IPHONE. 5. 16GB","5","1"
"IPHONE 5 WHITE UNLOCKED EXCELLENT CONDITION!","5","1"
"Apple iPhone 5 16GB","5","1"
"iPhone 5 - Sprint, cracked screen","5","1"
"iphone 5 - (16GB) - White (ATT)","5","1"
"T-Mobile IPhone 5 Black","5","1"
"Iphone 6","6","1"
"iPhone 6 ATT, 64 gb","6","1"
"iPhone 6 128GB Unlocked","6","1"
"iPhone 5 Otter Box Case","-1","-1"
"iPhone 4s case","-1","-1"
"iPhone6 iPhone 6 Lifeproof Life Proof case","-1","-1"
"NEW - Apple Iphone 5 5S 5C HEADPHONES - they also fit iphone 4s 4","-1","-1"
"iphone 6 (wanted) even icloud locked","-1","-1"
"IPHONE 5 + CASH TRADE FOR 6","-1","-1"
"Iphone Samsung Galaxy 4 4s 5 5s 5c 6 6+ charger","-1","-1"
"iphone accessories","-1","-1"
"UNLOCK IPHONE 4,4S","-1","-1"
"5S/5 iPhone Otter Box Commuter Series cover & belt holster","-1","-1"
"Get paid for Iphone { Verizon / Att / Sprint / Tmobile ( 5s 6 6+ ) **","-1","-1"
"Griffin iPhone 4S car charger","-1","-1"
"s3,s5,note4,iphone 6","-1","-1"
"Samsung/iphone#1PhoenixAZrepair restore all_memory on your cellphone","-1","-1"
"ICLOUD~~~wanted~~~iphone 6 and 6 plus","-1","-1"
"I will Buy your Apple iPhone today","-1","-1"
"Buying iPhone 6/ 6 Plus 5S 5 5 C Cash 24/7 bad/clean","-1","-1"
"nokia samsung android iphone","-1","-1"
"(5) iPhone 5 or 5s Cases","-1","-1"
"IPHONE 6 PLUS TRADE - Take 64gb Give 16gb + CASH","-1","-1"
"‚Ä¢‚Ä¢‚Ä¢$$$$ BROKEN & WORKING ‚Ä¢‚Ä¢IPHONE‚Ä¢‚Ä¢ . SELL YOUR IPHONE GALAXY HTC ONE","-1","-1"
"looking for ** IPHONE 6 // SPRINT OR VERIZON OR ATT **","-1","-1"
"wanted brand new Iphone","-1","-1"
"Brand new Otterbox for iPhone 6 with clip","-1","-1"
"New Condition iphone 5/5s Case Commando Black","-1","-1"
"Mophie Juice Pack Air Extended Battery Case (Iphone 5)","-1","-1"
"Iphone Ipad Charger-Headphone","-1","-1"
"Apple accessories for your iPhone 6","-1","-1"
"Spigen Tough Armor case iPhone 5/5s","-1","-1"
"iPhone 4/4s Otterbox white rubber replacement skin(2) and clip holster","-1","-1"
"Pink Armband for Apple iPhone 6","-1","-1"
"ALL BRAND NEW PHONES. METROPCS NOW FINANCES, GALAXY S5 AND IPHONE 5S,","-1","-1"
"Spigen iPhone 5s Case Tough Armor","-1","-1"
"IPHONE 5, 5S ,5C SE TE ROMPIO LA PANTALLA","-1","-1"
"3O576O92S2BUYING IPHONE 6, IPHON 6 PLUS 3O576O925S2","-1","-1"
"iphone Speakers","-1","-1"
"****BUYING any IPhone 5s 5c 5 (AT&T) OR (Verizon) OR (T-Mobile)****","-1","-1"
"*****IPHONE***6**5S***S5-S4-NOTES**ETC**WANTED***NOW*********","-1","-1"
"‚ñâ (B:U:Y:I:N:G) ( IPHONE 6 )( IPHONE 6 PLUS ) N|E|W O|R U|S|ED ‚ñâ","-1","-1"
"I Want IPHONE 6 !!!!!!!!!","-1","-1"
"Pro Case for iPhone 6","-1","-1"
"DO YOU HAVE AN IPHONE 4 / 4S THAT YOU WANT TO FACTORY UNLOCK?? AND 5","-1","-1"
"New-Apple iPhone USB Charger","-1","-1"
"Iphone 6 case","-1","-1"
"IPHONE 5s LIFEPROOF Belt Clip BRAND NEW IN BOX lifeproof","-1","-1"
"Details about Apple iPhone 5 - 16GB - Black & Slate (Verizon) Smartp","-1","-1"
"Otter box for iPhone 5 - pink realtree","-1","-1"
"~ iPhone 4 4S Boxes for sale ~","-1","-1"
"URBAN ARMOR GEAR Case for iPhone 6 Plus (Blue)","-1","-1"
"Looking for iphone 6,6+ note 4, note 4 edge.","-1","-1"
"2apple iPhone 5c,Galaxy s5,and motorol razor","-1","-1"
"Buying all icloud locked iPhone 6 / 6 plus","-1","-1"
"Att iPhone 6 trade for att iPhone 6 plus","-1","-1"
"WHOLESALE PHONE CARCHARGES,WALLCHARGERS,USB IPHONE CABLES","-1","-1"
"iPhone and iPod wall plug","-1","-1"
"---wanted--- IPHONE 6 or 6+","-1","-1"
"Lifeproof fre case for iphone 5/5s","-1","-1"
"Sell me your _ IPHONE 6 // 6 PLUS VERIZON OR SPRINT","-1","-1"
"FM-CH iPod/iPhone iCarPlay Wireless 800 FM Transmitter","-1","-1"
"Sell me your [ iPhone 5s / iPhone 6 / iPhone 6plus ] $ Call Now $","-1","-1"
"Jailbrake any iphone any ios from 6 up to ios 8.1.2","-1","-1"
"Iphone 6 plus unlocked gold for exchange","-1","-1"
"iPhone 5 LifeProof Fre case *waterproof*","-1","-1"
"Expensive leather iPhone 4/4s women's case","-1","-1"
"Wanted all iPhone 5, 5s , 6 ,6 plug","-1","-1"
"3- New Cell phone cases Samsung Galaxy & Iphone 5","-1","-1"
"iPhone and Samsung Cases and Accessories","-1","-1"
"xxxx iPHONE/MACBOOK/IPAD WANTED CASH READY TO BUY","-1","-1"
"Mophie Juice Pack for iPhone 6 plus","-1","-1"
"IPHONE 5S / 5C GLASS AND LCD $59.99","-1","-1"
"32 GB IPHONE 4s Black, Mophie Juice Pack Plus Charging Case, Lifeproof Case, Pat","-1","-1"
"Otter Box Defender Case w/ Belt-clip iPhone 6 & Galaxy Note 4","-1","-1"
"iPhone Screen Replacement","-1","-1"
"****IPHONE****6****6 PLUS*** WANTED","-1","-1"
"iOttie Easy One Touch 2 Car Mount Holder for iPhone 6 (4.7)/ Plus (5.5","-1","-1"
"Translucent iPhone 5 & 5s Cell phone cover","-1","-1"
"Wholesale iPhone 5 cell phone cases for sale (64 cases total)","-1","-1"
"FLIR Thermal Imager for iPhone WOW!","-1","-1"
"Sell me your [ Iphone 6 . Iphone 6+ . Iphone 5S ] Top Cash $$","-1","-1"
"iphone 4 screen replacement","-1","-1"
"*****IPHONE***6**5S***S5-S4-NOTES**ETC**WANTED***NOW*********","-1","-1"
"Phone Case: iPhone 6 and iPhone 6 Plus Leather Cases for Sale !!!!","-1","-1"
"iphone buyer","-1","-1"
"looking for iPhone 6","-1","-1"
"Lifeproof iPhone 6","-1","-1"
"Box for an Apple iphone 4S and 5S 16 GB","-1","-1"
"iphone 4, 4s case","-1","-1"
"iphone 4/4s and iphone 5/5s otterbox and clip","-1","-1"
"Cash out your iPhone 6 5s and 5c here now","-1","-1"
"IPhone 4s phone cases","-1","-1"
"PureGear Slim Case for iPhone 6 Plus NEW!!!","-1","-1"
"Tmobile iPhone 6 16gb trade for 64gb or 128gb plus","-1","-1"
"xxxx iPHONE/MACBOOK/IPAD WANTED CASH READY TO BUY","-1","-1"
"IPhone 4s Cases","-1","-1"
"Iphone 5C Lifeproof Case - Brand New","-1","-1"
"IPhone Buyer all Carriers Bad or Clean ESN","-1","-1"
"Iphone ipad rechargeable backup battery","-1","-1"
"____ FA$T CA$H __ ANY IPHONE 6 PLUS __________ IPHONE 5S ______","-1","-1"
"iphone 5c Case","-1","-1"
"üî•üî• iPhone 5 5a 6 6 plus, üî• Galaxy, HTC, MacBook, IPad ((","-1","-1"
"Trade iPhone 5","-1","-1"
"IPHONE 5S TRADE FOR SAMSUNG GALAXY S4,S5","-1","-1"
"SAMSUNG GALAXY NOTE 4 VERIZON TRADE FOR IPHONE 6 PLUS","-1","-1"
"iPhone 5 case","-1","-1"
"iPhone 6 Plus Screen Protector, Tech Armor 3 PACK FREE SHIPPING","-1","-1"
"iphone 4 covers chargers","-1","-1"
"AT&T iPhone 6 [Silver] 64GB [Trade for equivalent Android Phone]","-1","-1"
"Iphone 16GB Sprint LTE or Trade","-1","-1"
"iPhone Case and Dock - Apple","-1","-1"
"‚ñà‚ó§ ‚ó§ ‚ñàIPHONE 5 5C 5S 6 6 PLUS BUYER","-1","-1"
"Mophie for iphone 5 or 5s- Red or Black- excellent condition","-1","-1"
"Att Space Grey 128gb iPhone 6 trade for 6 Plus","-1","-1"
"iPHONE 6 OTTER DEFENDER NEW IN BOX","-1","-1"
"IPhone 5 case White / Grey","-1","-1"
"üòªüòªIPHONE 5/5s/6/6plusüòªGALAXYüòª/S4/S5 HTCüòª","-1","-1"
"look 3 cheap iphone 5s","-1","-1"
"car charger for iPhone, iPod, iPad","-1","-1"
"^^iPhone wanted\\\","-1","-1"
"Boostcase Battery Case iPhone 5/5S 2200 mAh","-1","-1"
"iPhone screen and lcd kits. I also install. Installs are guaranteed.","-1","-1"
"iphone charger data sync cables- compatible with iphone 6","-1","-1"
"jailbreak iphone","-1","-1"
"Debbie Brooks Iphone cover","-1","-1"
"iPhone 6 realtree defenders","-1","-1"
"iphone 5c white back cover housing","-1","-1"
"üî•üî•IPHONE _*_SAMSUNG_*_ LG IPAD**ANY OTHER DEVICES*","-1","-1"
"iPhone 5s trade for Verizon phone","-1","-1"
"Hello Kitty iPhone 4 case *** Brand New","-1","-1"
"iPHONE 5C SCREEN REPLACEMENT /// CHEAPEST PRICE","-1","-1"
"car iphone 5 holder windshield flexible mount","-1","-1"
"need iphone 6 plus","-1","-1"
"Otter box for iPhone 4s","-1","-1"
"LOT OF 10 NEW BYTECH Protective Cases FOR IPHONE 4 AND 4S assorted","-1","-1"
"____ CA$$H NOW ____ IPHONE 6+ IPHONE 5S BUYER ___________","-1","-1"
"LifeProof iPhone 5/5S case","-1","-1"
"ONLY TRADE FOR IPHONE 5S","-1","-1"
"MacBooküòçwantedüòçiPhoneüòçHTCüòç","-1","-1"
"üá∫üá∏ LOOKING FOR IPHONE 6PLUS 6 5S 5C BRAND NEW OR USED","-1","-1"
"sell me ur icloud locked iPhone !$$","-1","-1"
"üíôüíùüíô iPhone Galaxy HTC ((BUYER)) 6i9m2O8m6712m","-1","-1"
"Bad ESN Cleaning - for iPhone only - clean esn & Activate iPhone","-1","-1"
"üòªüòªIPHONE 5/5s/6/6plusüòªGALAXYüòª/S4/S5 HTCüòª","-1","-1"
"OtterBox Black Defender Case & holster clip for Iphone 4","-1","-1"
"Otterbox cases Iphone 6 and ipad mini new in box","-1","-1"
"*****IPHONE***6**5S***S5-S4-NOTES**ETC**WANTED***NOW*********","-1","-1"
"Cases for iPhone 6","-1","-1"
"ORIGINAL APPLE USB CABLE AND WALL CHARGER FOR IPHONE 5, 5s, 5c 6","-1","-1"
"Sell me your [ iPhone 5s / iPhone 6 / iPhone 6plus ] $ Call Now $","-1","-1"
"(^)^IPADIPOD^^^, IPHONE^^^, IREPAIR THEM ALL^^^ WITH NO WAIT","-1","-1"
"Blackberry, iPhone, Apple, Samsung, Nokia, LG, Motorola, Google, Andro","-1","-1"
"iPhone 6 Plus RingKe slim case in charcoal","-1","-1"
"iPhone 6 for trade for iPhone 6+ T-Mobile","-1","-1"
"WTB iPhone 6+","-1","-1"
"iPhone Cracked Screen Replacement!!!","-1","-1"
"New LIFEPROOF case for iphone 4/4s white and grey","-1","-1"
"*** IPhone 6 *** 6Plus *** Wanted ***","-1","-1"
"ipad/iPhone 5: Denver Bronco rubberized covers","-1","-1"
"Cell Phone cases (iPhone 5,5s,Galaxy s4,note 3), iPad Mini cases....","-1","-1"
"verizon note 4 trade for iPhone 6 plus","-1","-1"
"MOPHIE JUICE PACK AIR FOR IPHONE 5S & 5","-1","-1"
"ÔøΩÔøΩ ÔøΩÔøΩ ÔøΩÔøΩ Jailbreak IOS 8.1.2 Any iPhone/iPad - 6, 5, 6 Plus","-1","-1"
"Sell me your [ iPhone 5s / iPhone 6 / iPhone 6plus ] $ Call Now $","-1","-1"
"Contact me First before to Sell you New or Used iPhone(s)","-1","-1"
"Speck SmartFlex Card Case for iPhone 5","-1","-1"
"IPHONE 5s case - plaid pink and black","-1","-1"
"Otterbox Commuter IPhone 4 Belt Clips","-1","-1"
"Mobile iPhone 4/4S/5/5S/5C screen replacement *SPECIAL*","-1","-1"
"*** Sell Your Iphone 6 *** 6+ *** Top Buyer ***","-1","-1"
"iPhone 6,6+ cases, Nakamichi headset, power pack","-1","-1"
"Verizon iPhone 6 trade m9","-1","-1"
"iPhone 4s accessories, case, dock, Mophie","-1","-1"
"iphone 5 5s 5c glass screen and lcd replacement","-1","-1"
"üî•üî• iPhone 5 5a 6 6 plus, üî• Galaxy, HTC, MacBook, IPad ((","-1","-1"
"Waterproof Otterbox Case Iphone 5/5S","-1","-1"
"Iphone broken glass ?","-1","-1"
"Sell me your [ iPhone 5s / iPhone 6 / iPhone 6plus ] $ Call Now $","-1","-1"
"Iphone 6 Case - lights up from a text or call","-1","-1"
"iPhone 6 case","-1","-1"
"iPhone Box 5 black for sale","-1","-1"
"At&t White iPhone 5 16gb w/ Lifeproof case","-1","-1"
"White Silver 64gb iPhone 6 Unlocked Trade for Black Space Gray iPhone 6","-1","-1"
"Iphone/Ipad/ iMac Buyer","-1","-1"
"APPLE IPHONE 5------CRACK SCREEN---FIX IT NOWWWW------","-1","-1"
"***¬£¬£¬£¬£BROKEN & WORKING ‚Ä¢‚Ä¢IPHONE‚Ä¢‚Ä¢ . SELL YOUR IPHONE GALAXY HTC ONE -","-1","-1"
"Mophie 120% Extra Batteries for Iphone 5-5s + Belt Clip","-1","-1"
"iPhone 4/4s Charger USB and AC Wall - NEW !!","-1","-1"
"Lifeproof fre for iPhone 5 or 5S","-1","-1"
"White 16G iPhone AT&T Used with Lifeproof Case","-1","-1"
"iPhone Galaxy HTC ((BUYER))(Two-78mI6I3)((619))","-1","-1"
"iPhone 5 Pink Air Jacket Case + Sync USB Cable + Charging Block","-1","-1"
"Galaxy Note 4 ATT 32GB Unlocked Mint Conditions or Trade for iPhone 6+","-1","-1"
"Buying apple Iphone 6 iCloud locked and bad esn","-1","-1"
"iPhone 5 otter box RED","-1","-1"
"Sell Us Your Iphones, Ipads, Macbooks (iPhone 5s, 6, 6 plus)","-1","-1"
"Now Samsung Galaxy S5 S4 Verizon ATT TMobile iPhone","-1","-1"
"New iPhone 6 Cases","-1","-1"
"I fix samsung glass and iphone","-1","-1"
"Mee Mojo billet aluminum iPhone case","-1","-1"
"Mint Condition, Clean MEID ready to activate Verizon Iphone 4","-1","-1"
"Otterbox Preserver - New In Box - iPhone 5S","-1","-1"
"Iphone 5s Cover","-1","-1"
"*****IPHONE***6**5S***S5-S4-NOTES**ETC**WANTED***NOW*********","-1","-1"
"IPHONE 5S LEATHER CASE","-1","-1"
"___CASH______FOR_____PHONES____ALL MODELS_ SPRINT IPHONES 5 5S 6 6 PLUS IPHONE S","-1","-1"
"üöÅ5/5s/6/6plus IPHONE üöÅ(619)x208x67x12üöÅGALAXYüöÅ/S4","-1","-1"
"üéæüèâBUYER IPHONE GALAXY IPAD (619)277pp07pp02","-1","-1"
"Iphone 4/4s & Iphone 5 Cases New","-1","-1"
"Trade Verizon iPhone 6 plus for 64gb iphone 6","-1","-1"
"Service, broken screen iPhone 5s, iPhone 5, iphone 5C","-1","-1"
"URGENTLY need VERIZON iPhone 5S, 6 & 6+!!!","-1","-1"
"IPADIPOD``` IPHONE``` IREPAIR THEM ALL```` WITH NO WAIT","-1","-1"
"IPhone 4/4s *Charging case White or Purple*Both for$40","-1","-1"
"Lifeproof fre for iPhone 5 or 5S Carrying Case","-1","-1"
"Lifeproof fre for iPhone 5 or 5S Carrying Case","-1","-1"
"Lifeproof fre for iPhone 5 or 5S Carrying Case","-1","-1"
"Lifeproof fre for iPhone 5 or 5S Carrying Case","-1","-1"
"Lifeproof fre for iPhone 5 or 5S Carrying Case","-1","-1"
"Lifeproof fre for iPhone 5 or 5S Carrying Case","-1","-1"
"Lifeproof fre for iPhone 5 or 5S Carrying Case","-1","-1"
"Lifeproof fre for iPhone 5 or 5S Carrying Case","-1","-1"
"Lifeproof fre for iPhone 5 or 5S Carrying Case","-1","-1"
"Lifeproof fre for iPhone 5 or 5S Carrying Case","-1","-1"
"Lifeproof fre for iPhone 5 or 5S Carrying Case","-1","-1"
"Lifeproof fre for iPhone 5 or 5S Carrying Case","-1","-1"
"Lifeproof fre for iPhone 5 or 5S Carrying Case","-1","-1"
"Lifeproof fre for iPhone 5 or 5S Carrying Case","-1","-1"
"Lifeproof fre for iPhone 5 or 5S Carrying Case","-1","-1"
"Lifeproof fre for iPhone 5 or 5S Carrying Case","-1","-1"
"Lifeproof fre for iPhone 5 or 5S Carrying Case","-1","-1"
"Lifeproof fre for iPhone 5 or 5S Carrying Case","-1","-1"
"Lifeproof fre for iPhone 5 or 5S Carrying Case","-1","-1"
"Lifeproof fre for iPhone 5 or 5S Carrying Case","-1","-1"
"Lifeproof fre for iPhone 5 or 5S Carrying Case","-1","-1"
"Lifeproof fre for iPhone 5 or 5S Carrying Case","-1","-1"
"Lifeproof fre for iPhone 5 or 5S Carrying Case","-1","-1"
"Lifeproof fre for iPhone 5 or 5S Carrying Case","-1","-1"
"Lifeproof fre for iPhone 5 or 5S Carrying Case","-1","-1"
"iphone screen replacement takes only 15 min","-1","-1"
"iphone screen replacement takes only 15 min","-1","-1"
"iphone screen replacement takes only 15 min","-1","-1"
"iphone screen replacement takes only 15 min","-1","-1"
"iphone screen replacement takes only 15 min","-1","-1"
"iphone screen replacement takes only 15 min","-1","-1"
"iphone screen replacement takes only 15 min","-1","-1"
"iphone screen replacement takes only 15 min","-1","-1"
"iphone screen replacement takes only 15 min","-1","-1"
"iphone screen replacement takes only 15 min","-1","-1"
"iphone screen replacement takes only 15 min","-1","-1"
"iphone screen replacement takes only 15 min","-1","-1"
"iphone screen replacement takes only 15 min","-1","-1"
"iphone screen replacement takes only 15 min","-1","-1"
"iphone screen replacement takes only 15 min","-1","-1"
"iphone screen replacement takes only 15 min","-1","-1"
"iphone screen replacement takes only 15 min","-1","-1"
"iphone screen replacement takes only 15 min","-1","-1"
"iphone screen replacement takes only 15 min","-1","-1"
"iphone screen replacement takes only 15 min","-1","-1"
"iphone screen replacement takes only 15 min","-1","-1"
"iphone screen replacement takes only 15 min","-1","-1"
"iphone screen replacement takes only 15 min","-1","-1"
"iphone screen replacement takes only 15 min","-1","-1"
"Life proof case iphone","-1","-1"
"Life proof case iphone","-1","-1"
"Life proof case iphone","-1","-1"
"Life proof case iphone","-1","-1"
"Life proof case iphone","-1","-1"
"Life proof case iphone","-1","-1"
"Life proof case iphone","-1","-1"
"Life proof case iphone","-1","-1"
"Life proof case iphone","-1","-1"
"Life proof case iphone","-1","-1"
"Life proof case iphone","-1","-1"
"Life proof case iphone","-1","-1"
"Life proof case iphone","-1","-1"
"Life proof case iphone","-1","-1"
"Life proof case iphone","-1","-1"
"Life proof case iphone","-1","-1"
"Life proof case iphone","-1","-1"
"Life proof case iphone","-1","-1"
"Life proof case iphone","-1","-1"
"Life proof case iphone","-1","-1"
"Life proof case iphone","-1","-1"
"Life proof case iphone","-1","-1"
"Life proof case iphone","-1","-1"
"Life proof case iphone","-1","-1"
"Life proof case iphone","-1","-1"
"smart cellular fix iphone ","-1","-1"
"smart cellular fix iphone ","-1","-1"
"smart cellular fix iphone ","-1","-1"
"smart cellular fix iphone ","-1","-1"
"smart cellular fix iphone ","-1","-1"
"smart cellular fix iphone ","-1","-1"
"smart cellular fix iphone ","-1","-1"
"smart cellular fix iphone ","-1","-1"
"smart cellular fix iphone ","-1","-1"
"smart cellular fix iphone ","-1","-1"
"smart cellular fix iphone ","-1","-1"
"smart cellular fix iphone ","-1","-1"
"smart cellular fix iphone ","-1","-1"
"smart cellular fix iphone ","-1","-1"
"smart cellular fix iphone ","-1","-1"
"smart cellular fix iphone ","-1","-1"
"smart cellular fix iphone ","-1","-1"
"smart cellular fix iphone ","-1","-1"
"smart cellular fix iphone ","-1","-1"
"smart cellular fix iphone ","-1","-1"
"smart cellular fix iphone ","-1","-1"
"smart cellular fix iphone ","-1","-1"
"smart cellular fix iphone ","-1","-1"
"smart cellular fix iphone ","-1","-1"
"smart cellular fix iphone ","-1","-1"
"Mophie Juice Pack air charge","-1","-1"
"Mophie Juice Pack air charge","-1","-1"
"Mophie Juice Pack air charge","-1","-1"
"Mophie Juice Pack air charge","-1","-1"
"Mophie Juice Pack air charge","-1","-1"
"Mophie Juice Pack air charge","-1","-1"
"Mophie Juice Pack air charge","-1","-1"
"Mophie Juice Pack air charge","-1","-1"
"Mophie Juice Pack air charge","-1","-1"
"Mophie Juice Pack air charge","-1","-1"
"Mophie Juice Pack air charge","-1","-1"
"Mophie Juice Pack air charge","-1","-1"
"Mophie Juice Pack air charge","-1","-1"
"Mophie Juice Pack air charge","-1","-1"
"Mophie Juice Pack air charge","-1","-1"
"Mophie Juice Pack air charge","-1","-1"
"Mophie Juice Pack air charge","-1","-1"
"Mophie Juice Pack air charge","-1","-1"
"Mophie Juice Pack air charge","-1","-1"
"Mophie Juice Pack air charge","-1","-1"
"Mophie Juice Pack air charge","-1","-1"
"Mophie Juice Pack air charge","-1","-1"
"Mophie Juice Pack air charge","-1","-1"
"Mophie Juice Pack air charge","-1","-1"
"Mophie Juice Pack air charge","-1","-1"
"Iphone 5 screen installed","-1","-1"
"Iphone 5 screen installed","-1","-1"
"Iphone 5 screen installed","-1","-1"
"Iphone 5 screen installed","-1","-1"
"Iphone 5 screen installed","-1","-1"
"Iphone 5 screen installed","-1","-1"
"Iphone 5 screen installed","-1","-1"
"Iphone 5 screen installed","-1","-1"
"Iphone 5 screen installed","-1","-1"
"Iphone 5 screen installed","-1","-1"
"Iphone 5 screen installed","-1","-1"
"Iphone 5 screen installed","-1","-1"
"Iphone 5 screen installed","-1","-1"
"Iphone 5 screen installed","-1","-1"
"Iphone 5 screen installed","-1","-1"
"Iphone 5 screen installed","-1","-1"
"Iphone 5 screen installed","-1","-1"
"Iphone 5 screen installed","-1","-1"
"Iphone 5 screen installed","-1","-1"
"Iphone 5 screen installed","-1","-1"
"Iphone 5 screen installed","-1","-1"
"Iphone 5 screen installed","-1","-1"
"Iphone 5 screen installed","-1","-1"
"Iphone 5 screen installed","-1","-1"
"Iphone 5 screen installed","-1","-1"
"LCD Super special fix iphone","-1","-1"
"LCD Super special fix iphone","-1","-1"
"LCD Super special fix iphone","-1","-1"
"LCD Super special fix iphone","-1","-1"
"LCD Super special fix iphone","-1","-1"
"LCD Super special fix iphone","-1","-1"
"LCD Super special fix iphone","-1","-1"
"LCD Super special fix iphone","-1","-1"
"LCD Super special fix iphone","-1","-1"
"LCD Super special fix iphone","-1","-1"
"LCD Super special fix iphone","-1","-1"
"LCD Super special fix iphone","-1","-1"
"LCD Super special fix iphone","-1","-1"
"LCD Super special fix iphone","-1","-1"
"LCD Super special fix iphone","-1","-1"
"LCD Super special fix iphone","-1","-1"
"LCD Super special fix iphone","-1","-1"
"LCD Super special fix iphone","-1","-1"
"LCD Super special fix iphone","-1","-1"
"LCD Super special fix iphone","-1","-1"
"LCD Super special fix iphone","-1","-1"
"LCD Super special fix iphone","-1","-1"
"LCD Super special fix iphone","-1","-1"
"LCD Super special fix iphone","-1","-1"
"LCD Super special fix iphone","-1","-1"
"iphone screen replacement takes only 15 min","-1","-1"
"iphone screen replacement takes only 15 min","-1","-1"
"iphone screen replacement takes only 15 min","-1","-1"
"iphone screen replacement takes only 15 min","-1","-1"
"iphone screen replacement takes only 15 min","-1","-1"
"iphone screen replacement takes only 15 min","-1","-1"
"iphone screen replacement takes only 15 min","-1","-1"
"iphone screen replacement takes only 15 min","-1","-1"
"iphone screen replacement takes only 15 min","-1","-1"
"iphone screen replacement takes only 15 min","-1","-1"
"iphone screen replacement takes only 15 min","-1","-1"
"iphone screen replacement takes only 15 min","-1","-1"
"iphone screen replacement takes only 15 min","-1","-1"
"iphone screen replacement takes only 15 min","-1","-1"
"iphone screen replacement takes only 15 min","-1","-1"
"iphone screen replacement takes only 15 min","-1","-1"
"iphone screen replacement takes only 15 min","-1","-1"
"iphone screen replacement takes only 15 min","-1","-1"
"iphone screen replacement takes only 15 min","-1","-1"
"iphone screen replacement takes only 15 min","-1","-1"
"iphone screen replacement takes only 15 min","-1","-1"
"iphone screen replacement takes only 15 min","-1","-1"
"iphone screen replacement takes only 15 min","-1","-1"
"iphone screen replacement takes only 15 min","-1","-1"
"iphone screen replacement takes only 15 min","-1","-1"
"cracked iphone screen?","-1","-1"
"cracked iphone screen?","-1","-1"
"cracked iphone screen?","-1","-1"
"cracked iphone screen?","-1","-1"
"cracked iphone screen?","-1","-1"
"cracked iphone screen?","-1","-1"
"cracked iphone screen?","-1","-1"
"cracked iphone screen?","-1","-1"
"cracked iphone screen?","-1","-1"
"cracked iphone screen?","-1","-1"
"cracked iphone screen?","-1","-1"
"cracked iphone screen?","-1","-1"
"cracked iphone screen?","-1","-1"
"cracked iphone screen?","-1","-1"
"cracked iphone screen?","-1","-1"
"cracked iphone screen?","-1","-1"
"cracked iphone screen?","-1","-1"
"cracked iphone screen?","-1","-1"
"cracked iphone screen?","-1","-1"
"cracked iphone screen?","-1","-1"
"cracked iphone screen?","-1","-1"
"cracked iphone screen?","-1","-1"
"cracked iphone screen?","-1","-1"
"cracked iphone screen?","-1","-1"
"cracked iphone screen?","-1","-1"
"plantronics headset","-1","-1"
"plantronics headset","-1","-1"
"plantronics headset","-1","-1"
"plantronics headset","-1","-1"
"plantronics headset","-1","-1"
"plantronics headset","-1","-1"
"plantronics headset","-1","-1"
"plantronics headset","-1","-1"
"plantronics headset","-1","-1"
"plantronics headset","-1","-1"
"plantronics headset","-1","-1"
"plantronics headset","-1","-1"
"plantronics headset","-1","-1"
"plantronics headset","-1","-1"
"plantronics headset","-1","-1"
"plantronics headset","-1","-1"
"plantronics headset","-1","-1"
"plantronics headset","-1","-1"
"plantronics headset","-1","-1"
"plantronics headset","-1","-1"
"plantronics headset","-1","-1"
"plantronics headset","-1","-1"
"plantronics headset","-1","-1"
"plantronics headset","-1","-1"
"plantronics headset","-1","-1"
"otterbox iphone case defender","-1","-1"
"otterbox iphone case defender","-1","-1"
"otterbox iphone case defender","-1","-1"
"otterbox iphone case defender","-1","-1"
"otterbox iphone case defender","-1","-1"
"otterbox iphone case defender","-1","-1"
"otterbox iphone case defender","-1","-1"
"otterbox iphone case defender","-1","-1"
"otterbox iphone case defender","-1","-1"
"otterbox iphone case defender","-1","-1"
"otterbox iphone case defender","-1","-1"
"otterbox iphone case defender","-1","-1"
"otterbox iphone case defender","-1","-1"
"otterbox iphone case defender","-1","-1"
"otterbox iphone case defender","-1","-1"
"otterbox iphone case defender","-1","-1"
"otterbox iphone case defender","-1","-1"
"otterbox iphone case defender","-1","-1"
"otterbox iphone case defender","-1","-1"
"otterbox iphone case defender","-1","-1"
"otterbox iphone case defender","-1","-1"
"otterbox iphone case defender","-1","-1"
"otterbox iphone case defender","-1","-1"
"otterbox iphone case defender","-1","-1"
"otterbox iphone case defender","-1","-1"
"fix your iphone today","-1","-1"
"fix your iphone today","-1","-1"
"fix your iphone today","-1","-1"
"fix your iphone today","-1","-1"
"fix your iphone today","-1","-1"
"fix your iphone today","-1","-1"
"fix your iphone today","-1","-1"
"fix your iphone today","-1","-1"
"fix your iphone today","-1","-1"
"fix your iphone today","-1","-1"
"fix your iphone today","-1","-1"
"fix your iphone today","-1","-1"
"fix your iphone today","-1","-1"
"fix your iphone today","-1","-1"
"fix your iphone today","-1","-1"
"fix your iphone today","-1","-1"
"fix your iphone today","-1","-1"
"fix your iphone today","-1","-1"
"fix your iphone today","-1","-1"
"fix your iphone today","-1","-1"
"fix your iphone today","-1","-1"
"fix your iphone today","-1","-1"
"fix your iphone today","-1","-1"
"fix your iphone today","-1","-1"
"fix your iphone today","-1","-1"
"WTB iphone need ASAP","-1","-1"
"WTB iphone need ASAP","-1","-1"
"WTB iphone need ASAP","-1","-1"
"WTB iphone need ASAP","-1","-1"
"WTB iphone need ASAP","-1","-1"
"WTB iphone need ASAP","-1","-1"
"WTB iphone need ASAP","-1","-1"
"WTB iphone need ASAP","-1","-1"
"WTB iphone need ASAP","-1","-1"
"WTB iphone need ASAP","-1","-1"
"WTB iphone need ASAP","-1","-1"
"WTB iphone need ASAP","-1","-1"
"WTB iphone need ASAP","-1","-1"
"WTB iphone need ASAP","-1","-1"
"WTB iphone need ASAP","-1","-1"
"WTB iphone need ASAP","-1","-1"
"WTB iphone need ASAP","-1","-1"
"WTB iphone need ASAP","-1","-1"
"WTB iphone need ASAP","-1","-1"
"WTB iphone need ASAP","-1","-1"
"WTB iphone need ASAP","-1","-1"
"WTB iphone need ASAP","-1","-1"
"WTB iphone need ASAP","-1","-1"
"WTB iphone need ASAP","-1","-1"
"WTB iphone need ASAP","-1","-1"
"mophie juice pack plus","-1","-1"
"mophie juice pack plus","-1","-1"
"mophie juice pack plus","-1","-1"
"mophie juice pack plus","-1","-1"
"mophie juice pack plus","-1","-1"
"mophie juice pack plus","-1","-1"
"mophie juice pack plus","-1","-1"
"mophie juice pack plus","-1","-1"
"mophie juice pack plus","-1","-1"
"mophie juice pack plus","-1","-1"
"mophie juice pack plus","-1","-1"
"mophie juice pack plus","-1","-1"
"mophie juice pack plus","-1","-1"
"mophie juice pack plus","-1","-1"
"mophie juice pack plus","-1","-1"
"mophie juice pack plus","-1","-1"
"mophie juice pack plus","-1","-1"
"mophie juice pack plus","-1","-1"
"mophie juice pack plus","-1","-1"
"mophie juice pack plus","-1","-1"
"mophie juice pack plus","-1","-1"
"mophie juice pack plus","-1","-1"
"mophie juice pack plus","-1","-1"
"mophie juice pack plus","-1","-1"
"mophie juice pack plus","-1","-1"
"case for belt clip iphone","-1","-1"
"case for belt clip iphone","-1","-1"
"case for belt clip iphone","-1","-1"
"case for belt clip iphone","-1","-1"
"case for belt clip iphone","-1","-1"
"case for belt clip iphone","-1","-1"
"case for belt clip iphone","-1","-1"
"case for belt clip iphone","-1","-1"
"case for belt clip iphone","-1","-1"
"case for belt clip iphone","-1","-1"
"case for belt clip iphone","-1","-1"
"case for belt clip iphone","-1","-1"
"case for belt clip iphone","-1","-1"
"case for belt clip iphone","-1","-1"
"case for belt clip iphone","-1","-1"
"case for belt clip iphone","-1","-1"
"case for belt clip iphone","-1","-1"
"case for belt clip iphone","-1","-1"
"case for belt clip iphone","-1","-1"
"case for belt clip iphone","-1","-1"
"case for belt clip iphone","-1","-1"
"case for belt clip iphone","-1","-1"
"case for belt clip iphone","-1","-1"
"case for belt clip iphone","-1","-1"
"case for belt clip iphone","-1","-1"
"new iphone headphones and charger","-1","-1"
"new iphone headphones and charger","-1","-1"
"new iphone headphones and charger","-1","-1"
"new iphone headphones and charger","-1","-1"
"new iphone headphones and charger","-1","-1"
"new iphone headphones and charger","-1","-1"
"new iphone headphones and charger","-1","-1"
"new iphone headphones and charger","-1","-1"
"new iphone headphones and charger","-1","-1"
"new iphone headphones and charger","-1","-1"
"new iphone headphones and charger","-1","-1"
"new iphone headphones and charger","-1","-1"
"new iphone headphones and charger","-1","-1"
"new iphone headphones and charger","-1","-1"
"new iphone headphones and charger","-1","-1"
"new iphone headphones and charger","-1","-1"
"new iphone headphones and charger","-1","-1"
"new iphone headphones and charger","-1","-1"
"new iphone headphones and charger","-1","-1"
"new iphone headphones and charger","-1","-1"
"new iphone headphones and charger","-1","-1"
"new iphone headphones and charger","-1","-1"
"new iphone headphones and charger","-1","-1"
"new iphone headphones and charger","-1","-1"
"new iphone headphones and charger","-1","-1"
"fix your iphone screen","-1","-1"
"fix your iphone screen","-1","-1"
"fix your iphone screen","-1","-1"
"fix your iphone screen","-1","-1"
"fix your iphone screen","-1","-1"
"fix your iphone screen","-1","-1"
"fix your iphone screen","-1","-1"
"fix your iphone screen","-1","-1"
"fix your iphone screen","-1","-1"
"fix your iphone screen","-1","-1"
"fix your iphone screen","-1","-1"
"fix your iphone screen","-1","-1"
"fix your iphone screen","-1","-1"
"fix your iphone screen","-1","-1"
"fix your iphone screen","-1","-1"
"fix your iphone screen","-1","-1"
"fix your iphone screen","-1","-1"
"fix your iphone screen","-1","-1"
"fix your iphone screen","-1","-1"
"fix your iphone screen","-1","-1"
"fix your iphone screen","-1","-1"
"fix your iphone screen","-1","-1"
"fix your iphone screen","-1","-1"
"fix your iphone screen","-1","-1"
"fix your iphone screen","-1","-1"
"iphone cracked screen fix","-1","-1"
"iphone cracked screen fix","-1","-1"
"iphone cracked screen fix","-1","-1"
"iphone cracked screen fix","-1","-1"
"iphone cracked screen fix","-1","-1"
"iphone cracked screen fix","-1","-1"
"iphone cracked screen fix","-1","-1"
"iphone cracked screen fix","-1","-1"
"iphone cracked screen fix","-1","-1"
"iphone cracked screen fix","-1","-1"
"iphone cracked screen fix","-1","-1"
"iphone cracked screen fix","-1","-1"
"iphone cracked screen fix","-1","-1"
"iphone cracked screen fix","-1","-1"
"iphone cracked screen fix","-1","-1"
"iphone cracked screen fix","-1","-1"
"iphone cracked screen fix","-1","-1"
"iphone cracked screen fix","-1","-1"
"iphone cracked screen fix","-1","-1"
"iphone cracked screen fix","-1","-1"
"iphone cracked screen fix","-1","-1"
"iphone cracked screen fix","-1","-1"
"iphone cracked screen fix","-1","-1"
"iphone cracked screen fix","-1","-1"
"iphone cracked screen fix","-1","-1"
"iphone 5s/5c screen","-1","-1"
"iphone 5s/5c screen","-1","-1"
"iphone 5s/5c screen","-1","-1"
"iphone 5s/5c screen","-1","-1"
"iphone 5s/5c screen","-1","-1"
"iphone 5s/5c screen","-1","-1"
"iphone 5s/5c screen","-1","-1"
"iphone 5s/5c screen","-1","-1"
"iphone 5s/5c screen","-1","-1"
"iphone 5s/5c screen","-1","-1"
"iphone 5s/5c screen","-1","-1"
"iphone 5s/5c screen","-1","-1"
"iphone 5s/5c screen","-1","-1"
"iphone 5s/5c screen","-1","-1"
"iphone 5s/5c screen","-1","-1"
"iphone 5s/5c screen","-1","-1"
"iphone 5s/5c screen","-1","-1"
"iphone 5s/5c screen","-1","-1"
"iphone 5s/5c screen","-1","-1"
"iphone 5s/5c screen","-1","-1"
"iphone 5s/5c screen","-1","-1"
"iphone 5s/5c screen","-1","-1"
"iphone 5s/5c screen","-1","-1"
"iphone 5s/5c screen","-1","-1"
"iphone 5s/5c screen","-1","-1"
"replace your old iphone screen","-1","-1"
"replace your old iphone screen","-1","-1"
"replace your old iphone screen","-1","-1"
"replace your old iphone screen","-1","-1"
"replace your old iphone screen","-1","-1"
"replace your old iphone screen","-1","-1"
"replace your old iphone screen","-1","-1"
"replace your old iphone screen","-1","-1"
"replace your old iphone screen","-1","-1"
"replace your old iphone screen","-1","-1"
"replace your old iphone screen","-1","-1"
"replace your old iphone screen","-1","-1"
"replace your old iphone screen","-1","-1"
"replace your old iphone screen","-1","-1"
"replace your old iphone screen","-1","-1"
"replace your old iphone screen","-1","-1"
"replace your old iphone screen","-1","-1"
"replace your old iphone screen","-1","-1"
"replace your old iphone screen","-1","-1"
"replace your old iphone screen","-1","-1"
"replace your old iphone screen","-1","-1"
"replace your old iphone screen","-1","-1"
"replace your old iphone screen","-1","-1"
"replace your old iphone screen","-1","-1"
"replace your old iphone screen","-1","-1"
"Mophie Juice Pack Air iphone","-1","-1"
"Mophie Juice Pack Air iphone","-1","-1"
"Mophie Juice Pack Air iphone","-1","-1"
"Mophie Juice Pack Air iphone","-1","-1"
"Mophie Juice Pack Air iphone","-1","-1"
"Mophie Juice Pack Air iphone","-1","-1"
"Mophie Juice Pack Air iphone","-1","-1"
"Mophie Juice Pack Air iphone","-1","-1"
"Mophie Juice Pack Air iphone","-1","-1"
"Mophie Juice Pack Air iphone","-1","-1"
"Mophie Juice Pack Air iphone","-1","-1"
"Mophie Juice Pack Air iphone","-1","-1"
"Mophie Juice Pack Air iphone","-1","-1"
"Mophie Juice Pack Air iphone","-1","-1"
"Mophie Juice Pack Air iphone","-1","-1"
"Mophie Juice Pack Air iphone","-1","-1"
"Mophie Juice Pack Air iphone","-1","-1"
"Mophie Juice Pack Air iphone","-1","-1"
"Mophie Juice Pack Air iphone","-1","-1"
"Mophie Juice Pack Air iphone","-1","-1"
"Mophie Juice Pack Air iphone","-1","-1"
"Mophie Juice Pack Air iphone","-1","-1"
"Mophie Juice Pack Air iphone","-1","-1"
"Mophie Juice Pack Air iphone","-1","-1"
"Mophie Juice Pack Air iphone","-1","-1"
"Iphone 5 LCD/Digitizer limited","-1","-1"
"Iphone 5 LCD/Digitizer limited","-1","-1"
"Iphone 5 LCD/Digitizer limited","-1","-1"
"Iphone 5 LCD/Digitizer limited","-1","-1"
"Iphone 5 LCD/Digitizer limited","-1","-1"
"Iphone 5 LCD/Digitizer limited","-1","-1"
"Iphone 5 LCD/Digitizer limited","-1","-1"
"Iphone 5 LCD/Digitizer limited","-1","-1"
"Iphone 5 LCD/Digitizer limited","-1","-1"
"Iphone 5 LCD/Digitizer limited","-1","-1"
"Iphone 5 LCD/Digitizer limited","-1","-1"
"Iphone 5 LCD/Digitizer limited","-1","-1"
"Iphone 5 LCD/Digitizer limited","-1","-1"
"Iphone 5 LCD/Digitizer limited","-1","-1"
"Iphone 5 LCD/Digitizer limited","-1","-1"
"Iphone 5 LCD/Digitizer limited","-1","-1"
"Iphone 5 LCD/Digitizer limited","-1","-1"
"Iphone 5 LCD/Digitizer limited","-1","-1"
"Iphone 5 LCD/Digitizer limited","-1","-1"
"Iphone 5 LCD/Digitizer limited","-1","-1"
"Iphone 5 LCD/Digitizer limited","-1","-1"
"Iphone 5 LCD/Digitizer limited","-1","-1"
"Iphone 5 LCD/Digitizer limited","-1","-1"
"Iphone 5 LCD/Digitizer limited","-1","-1"
"Iphone 5 LCD/Digitizer limited","-1","-1"
"Iphone 5 LCD/Digitizer limited","-1","-1"
"Iphone 5 LCD/Digitizer limited","-1","-1"
"Iphone 5 LCD/Digitizer limited","-1","-1"
"Iphone 5 LCD/Digitizer limited","-1","-1"
"Iphone 5 LCD/Digitizer limited","-1","-1"
"Iphone 5 LCD/Digitizer limited","-1","-1"
"Iphone 5 LCD/Digitizer limited","-1","-1"
"Iphone 5 LCD/Digitizer limited","-1","-1"
"Iphone 5 LCD/Digitizer limited","-1","-1"
"Iphone 5 LCD/Digitizer limited","-1","-1"
"Iphone 5 LCD/Digitizer limited","-1","-1"
"Iphone 5 LCD/Digitizer limited","-1","-1"
"Iphone 5 LCD/Digitizer limited","-1","-1"
"Iphone 5 LCD/Digitizer limited","-1","-1"
"Iphone 5 LCD/Digitizer limited","-1","-1"
"Iphone 5 LCD/Digitizer limited","-1","-1"
"Iphone 5 LCD/Digitizer limited","-1","-1"
"Iphone 5 LCD/Digitizer limited","-1","-1"
"Iphone 5 LCD/Digitizer limited","-1","-1"
"Iphone 5 LCD/Digitizer limited","-1","-1"
"Iphone 5 LCD/Digitizer limited","-1","-1"
"Iphone 5 LCD/Digitizer limited","-1","-1"
"Iphone 5 LCD/Digitizer limited","-1","-1"
"Iphone 5 LCD/Digitizer limited","-1","-1"
"Iphone 5 LCD/Digitizer limited","-1","-1"
"iphone cases for sale, otterbox lifeproof, urban armour","-1","-1"
"iphone cases for sale, otterbox lifeproof, urban armour","-1","-1"
"iphone cases for sale, otterbox lifeproof, urban armour","-1","-1"
"iphone cases for sale, otterbox lifeproof, urban armour","-1","-1"
"iphone cases for sale, otterbox lifeproof, urban armour","-1","-1"
"iphone cases for sale, otterbox lifeproof, urban armour","-1","-1"
"iphone cases for sale, otterbox lifeproof, urban armour","-1","-1"
"iphone cases for sale, otterbox lifeproof, urban armour","-1","-1"
"iphone cases for sale, otterbox lifeproof, urban armour","-1","-1"
"iphone cases for sale, otterbox lifeproof, urban armour","-1","-1"
"iphone cases for sale, otterbox lifeproof, urban armour","-1","-1"
"iphone cases for sale, otterbox lifeproof, urban armour","-1","-1"
"iphone cases for sale, otterbox lifeproof, urban armour","-1","-1"
"iphone cases for sale, otterbox lifeproof, urban armour","-1","-1"
"iphone cases for sale, otterbox lifeproof, urban armour","-1","-1"
"iphone cases for sale, otterbox lifeproof, urban armour","-1","-1"
"iphone cases for sale, otterbox lifeproof, urban armour","-1","-1"
"iphone cases for sale, otterbox lifeproof, urban armour","-1","-1"
"iphone cases for sale, otterbox lifeproof, urban armour","-1","-1"
"iphone cases for sale, otterbox lifeproof, urban armour","-1","-1"
"iphone cases for sale, otterbox lifeproof, urban armour","-1","-1"
"iphone cases for sale, otterbox lifeproof, urban armour","-1","-1"
"iphone cases for sale, otterbox lifeproof, urban armour","-1","-1"
"iphone cases for sale, otterbox lifeproof, urban armour","-1","-1"
"iphone cases for sale, otterbox lifeproof, urban armour","-1","-1"
"iphone charger armband case","-1","-1"
"iphone charger armband case","-1","-1"
"iphone charger armband case","-1","-1"
"iphone charger armband case","-1","-1"
"iphone charger armband case","-1","-1"
"iphone charger armband case","-1","-1"
"iphone charger armband case","-1","-1"
"iphone charger armband case","-1","-1"
"iphone charger armband case","-1","-1"
"iphone charger armband case","-1","-1"
"iphone charger armband case","-1","-1"
"iphone charger armband case","-1","-1"
"iphone charger armband case","-1","-1"
"iphone charger armband case","-1","-1"
"iphone charger armband case","-1","-1"
"iphone charger armband case","-1","-1"
"iphone charger armband case","-1","-1"
"iphone charger armband case","-1","-1"
"iphone charger armband case","-1","-1"
"iphone charger armband case","-1","-1"
"iphone charger armband case","-1","-1"
"iphone charger armband case","-1","-1"
"iphone charger armband case","-1","-1"
"iphone charger armband case","-1","-1"
"iphone charger armband case","-1","-1"
"mophie case storage","-1","-1"
"mophie case storage","-1","-1"
"mophie case storage","-1","-1"
"mophie case storage","-1","-1"
"mophie case storage","-1","-1"
"mophie case storage","-1","-1"
"mophie case storage","-1","-1"
"mophie case storage","-1","-1"
"mophie case storage","-1","-1"
"mophie case storage","-1","-1"
"mophie case storage","-1","-1"
"mophie case storage","-1","-1"
"mophie case storage","-1","-1"
"mophie case storage","-1","-1"
"mophie case storage","-1","-1"
"mophie case storage","-1","-1"
"mophie case storage","-1","-1"
"mophie case storage","-1","-1"
"mophie case storage","-1","-1"
"mophie case storage","-1","-1"
"mophie case storage","-1","-1"
"mophie case storage","-1","-1"
"mophie case storage","-1","-1"
"mophie case storage","-1","-1"
"mophie case storage","-1","-1"
"apple smart watch iphone","-1","-1"
"apple smart watch iphone","-1","-1"
"apple smart watch iphone","-1","-1"
"apple smart watch iphone","-1","-1"
"apple smart watch iphone","-1","-1"
"apple smart watch iphone","-1","-1"
"apple smart watch iphone","-1","-1"
"apple smart watch iphone","-1","-1"
"apple smart watch iphone","-1","-1"
"apple smart watch iphone","-1","-1"
"apple smart watch iphone","-1","-1"
"apple smart watch iphone","-1","-1"
"apple smart watch iphone","-1","-1"
"apple smart watch iphone","-1","-1"
"apple smart watch iphone","-1","-1"
"apple smart watch iphone","-1","-1"
"apple smart watch iphone","-1","-1"
"apple smart watch iphone","-1","-1"
"apple smart watch iphone","-1","-1"
"apple smart watch iphone","-1","-1"
"apple smart watch iphone","-1","-1"
"apple smart watch iphone","-1","-1"
"apple smart watch iphone","-1","-1"
"apple smart watch iphone","-1","-1"
"apple smart watch iphone","-1","-1"
"we buy iphones- cash $ now","-1","-1"
"we buy iphones- cash $ now","-1","-1"
"we buy iphones- cash $ now","-1","-1"
"we buy iphones- cash $ now","-1","-1"
"we buy iphones- cash $ now","-1","-1"
"we buy iphones- cash $ now","-1","-1"
"we buy iphones- cash $ now","-1","-1"
"we buy iphones- cash $ now","-1","-1"
"we buy iphones- cash $ now","-1","-1"
"we buy iphones- cash $ now","-1","-1"
"we buy iphones- cash $ now","-1","-1"
"we buy iphones- cash $ now","-1","-1"
"we buy iphones- cash $ now","-1","-1"
"we buy iphones- cash $ now","-1","-1"
"we buy iphones- cash $ now","-1","-1"
"we buy iphones- cash $ now","-1","-1"
"we buy iphones- cash $ now","-1","-1"
"we buy iphones- cash $ now","-1","-1"
"we buy iphones- cash $ now","-1","-1"
"we buy iphones- cash $ now","-1","-1"
"we buy iphones- cash $ now","-1","-1"
"we buy iphones- cash $ now","-1","-1"
"we buy iphones- cash $ now","-1","-1"
"we buy iphones- cash $ now","-1","-1"
"we buy iphones- cash $ now","-1","-1"
"Trade iphone 6 for iphone 6+","-1","-1"
"Trade iphone 6 for iphone 6+","-1","-1"
"Trade iphone 6 for iphone 6+","-1","-1"
"Trade iphone 6 for iphone 6+","-1","-1"
"Trade iphone 6 for iphone 6+","-1","-1"
"Trade iphone 6 for iphone 6+","-1","-1"
"Trade iphone 6 for iphone 6+","-1","-1"
"Trade iphone 6 for iphone 6+","-1","-1"
"Trade iphone 6 for iphone 6+","-1","-1"
"Trade iphone 6 for iphone 6+","-1","-1"
"Trade iphone 6 for iphone 6+","-1","-1"
"Trade iphone 6 for iphone 6+","-1","-1"
"Trade iphone 6 for iphone 6+","-1","-1"
"Trade iphone 6 for iphone 6+","-1","-1"
"Trade iphone 6 for iphone 6+","-1","-1"
"Trade iphone 6 for iphone 6+","-1","-1"
"Trade iphone 6 for iphone 6+","-1","-1"
"Trade iphone 6 for iphone 6+","-1","-1"
"Trade iphone 6 for iphone 6+","-1","-1"
"Trade iphone 6 for iphone 6+","-1","-1"
"Trade iphone 6 for iphone 6+","-1","-1"
"Trade iphone 6 for iphone 6+","-1","-1"
"Trade iphone 6 for iphone 6+","-1","-1"
"Trade iphone 6 for iphone 6+","-1","-1"
"Trade iphone 6 for iphone 6+","-1","-1"
"trade samsung for iphone","-1","-1"
"trade samsung for iphone","-1","-1"
"trade samsung for iphone","-1","-1"
"trade samsung for iphone","-1","-1"
"trade samsung for iphone","-1","-1"
"trade samsung for iphone","-1","-1"
"trade samsung for iphone","-1","-1"
"trade samsung for iphone","-1","-1"
"trade samsung for iphone","-1","-1"
"trade samsung for iphone","-1","-1"
"trade samsung for iphone","-1","-1"
"trade samsung for iphone","-1","-1"
"trade samsung for iphone","-1","-1"
"trade samsung for iphone","-1","-1"
"trade samsung for iphone","-1","-1"
"trade samsung for iphone","-1","-1"
"trade samsung for iphone","-1","-1"
"trade samsung for iphone","-1","-1"
"trade samsung for iphone","-1","-1"
"trade samsung for iphone","-1","-1"
"trade samsung for iphone","-1","-1"
"trade samsung for iphone","-1","-1"
"trade samsung for iphone","-1","-1"
"trade samsung for iphone","-1","-1"
"trade samsung for iphone","-1","-1"
"Mee Mojo billet aluminum iPhone case","-1","-1"
"Mee Mojo billet aluminum iPhone case","-1","-1"
"Mee Mojo billet aluminum iPhone case","-1","-1"
"Mee Mojo billet aluminum iPhone case","-1","-1"
"Mee Mojo billet aluminum iPhone case","-1","-1"
"Mee Mojo billet aluminum iPhone case","-1","-1"
"Mee Mojo billet aluminum iPhone case","-1","-1"
"Mee Mojo billet aluminum iPhone case","-1","-1"
"Mee Mojo billet aluminum iPhone case","-1","-1"
"Mee Mojo billet aluminum iPhone case","-1","-1"
"Mee Mojo billet aluminum iPhone case","-1","-1"
"Mee Mojo billet aluminum iPhone case","-1","-1"
"Mee Mojo billet aluminum iPhone case","-1","-1"
"Mee Mojo billet aluminum iPhone case","-1","-1"
"Mee Mojo billet aluminum iPhone case","-1","-1"
"Mee Mojo billet aluminum iPhone case","-1","-1"
"Mee Mojo billet aluminum iPhone case","-1","-1"
"Mee Mojo billet aluminum iPhone case","-1","-1"
"Mee Mojo billet aluminum iPhone case","-1","-1"
"Mee Mojo billet aluminum iPhone case","-1","-1"
"Mee Mojo billet aluminum iPhone case","-1","-1"
"Mee Mojo billet aluminum iPhone case","-1","-1"
"Mee Mojo billet aluminum iPhone case","-1","-1"
"Mee Mojo billet aluminum iPhone case","-1","-1"
"Mee Mojo billet aluminum iPhone case","-1","-1"
"IPADIPOD``` IPHONE``` IREPAIR THEM ALL```` WITH NO WAIT","-1","-1"
"IPADIPOD``` IPHONE``` IREPAIR THEM ALL```` WITH NO WAIT","-1","-1"
"IPADIPOD``` IPHONE``` IREPAIR THEM ALL```` WITH NO WAIT","-1","-1"
"IPADIPOD``` IPHONE``` IREPAIR THEM ALL```` WITH NO WAIT","-1","-1"
"IPADIPOD``` IPHONE``` IREPAIR THEM ALL```` WITH NO WAIT","-1","-1"
"IPADIPOD``` IPHONE``` IREPAIR THEM ALL```` WITH NO WAIT","-1","-1"
"IPADIPOD``` IPHONE``` IREPAIR THEM ALL```` WITH NO WAIT","-1","-1"
"IPADIPOD``` IPHONE``` IREPAIR THEM ALL```` WITH NO WAIT","-1","-1"
"IPADIPOD``` IPHONE``` IREPAIR THEM ALL```` WITH NO WAIT","-1","-1"
"IPADIPOD``` IPHONE``` IREPAIR THEM ALL```` WITH NO WAIT","-1","-1"
"IPADIPOD``` IPHONE``` IREPAIR THEM ALL```` WITH NO WAIT","-1","-1"
"IPADIPOD``` IPHONE``` IREPAIR THEM ALL```` WITH NO WAIT","-1","-1"
"IPADIPOD``` IPHONE``` IREPAIR THEM ALL```` WITH NO WAIT","-1","-1"
"IPADIPOD``` IPHONE``` IREPAIR THEM ALL```` WITH NO WAIT","-1","-1"
"IPADIPOD``` IPHONE``` IREPAIR THEM ALL```` WITH NO WAIT","-1","-1"
"IPADIPOD``` IPHONE``` IREPAIR THEM ALL```` WITH NO WAIT","-1","-1"
"IPADIPOD``` IPHONE``` IREPAIR THEM ALL```` WITH NO WAIT","-1","-1"
"IPADIPOD``` IPHONE``` IREPAIR THEM ALL```` WITH NO WAIT","-1","-1"
"IPADIPOD``` IPHONE``` IREPAIR THEM ALL```` WITH NO WAIT","-1","-1"
"IPADIPOD``` IPHONE``` IREPAIR THEM ALL```` WITH NO WAIT","-1","-1"
"IPADIPOD``` IPHONE``` IREPAIR THEM ALL```` WITH NO WAIT","-1","-1"
"IPADIPOD``` IPHONE``` IREPAIR THEM ALL```` WITH NO WAIT","-1","-1"
"IPADIPOD``` IPHONE``` IREPAIR THEM ALL```` WITH NO WAIT","-1","-1"
"IPADIPOD``` IPHONE``` IREPAIR THEM ALL```` WITH NO WAIT","-1","-1"
"IPADIPOD``` IPHONE``` IREPAIR THEM ALL```` WITH NO WAIT","-1","-1"
"ipad samsung galaxy iphone repair","-1","-1"
"ipad samsung galaxy iphone repair","-1","-1"
"ipad samsung galaxy iphone repair","-1","-1"
"ipad samsung galaxy iphone repair","-1","-1"
"ipad samsung galaxy iphone repair","-1","-1"
"ipad samsung galaxy iphone repair","-1","-1"
"ipad samsung galaxy iphone repair","-1","-1"
"ipad samsung galaxy iphone repair","-1","-1"
"ipad samsung galaxy iphone repair","-1","-1"
"ipad samsung galaxy iphone repair","-1","-1"
"ipad samsung galaxy iphone repair","-1","-1"
"ipad samsung galaxy iphone repair","-1","-1"
"ipad samsung galaxy iphone repair","-1","-1"
"ipad samsung galaxy iphone repair","-1","-1"
"ipad samsung galaxy iphone repair","-1","-1"
"ipad samsung galaxy iphone repair","-1","-1"
"ipad samsung galaxy iphone repair","-1","-1"
"ipad samsung galaxy iphone repair","-1","-1"
"ipad samsung galaxy iphone repair","-1","-1"
"ipad samsung galaxy iphone repair","-1","-1"
"ipad samsung galaxy iphone repair","-1","-1"
"ipad samsung galaxy iphone repair","-1","-1"
"ipad samsung galaxy iphone repair","-1","-1"
"ipad samsung galaxy iphone repair","-1","-1"
"ipad samsung galaxy iphone repair","-1","-1"
"Iphone 4 great condition","-1","-1"
"Iphone 4 great condition","-1","-1"
"Iphone 4 great condition","-1","-1"
"Iphone 4 great condition","-1","-1"
"Iphone 4 great condition","-1","-1"
"Iphone 4 great condition","-1","-1"
"Iphone 4 great condition","-1","-1"
"Iphone 4 great condition","-1","-1"
"Iphone 4 great condition","-1","-1"
"Iphone 4 great condition","-1","-1"
"Iphone 4 great condition","-1","-1"
"Iphone 4 great condition","-1","-1"
"Iphone 4 great condition","-1","-1"
"Iphone 4 great condition","-1","-1"
"Iphone 4 great condition","-1","-1"
"Iphone 4 great condition","-1","-1"
"Iphone 4 great condition","-1","-1"
"Iphone 4 great condition","-1","-1"
"Iphone 4 great condition","-1","-1"
"Iphone 4 great condition","-1","-1"
"Iphone 4 great condition","-1","-1"
"Iphone 4 great condition","-1","-1"
"Iphone 4 great condition","-1","-1"
"Iphone 4 great condition","-1","-1"
"Iphone 4 great condition","-1","-1"
"Iphone 4 trade","-1","-1"
"Iphone 4 trade","-1","-1"
"Iphone 4 trade","-1","-1"
"Iphone 4 trade","-1","-1"
"Iphone 4 trade","-1","-1"
"Iphone 4 trade","-1","-1"
"Iphone 4 trade","-1","-1"
"Iphone 4 trade","-1","-1"
"Iphone 4 trade","-1","-1"
"Iphone 4 trade","-1","-1"
"Iphone 4 trade","-1","-1"
"Iphone 4 trade","-1","-1"
"Iphone 4 trade","-1","-1"
"Iphone 4 trade","-1","-1"
"Iphone 4 trade","-1","-1"
"Iphone 4 trade","-1","-1"
"Iphone 4 trade","-1","-1"
"Iphone 4 trade","-1","-1"
"Iphone 4 trade","-1","-1"
"Iphone 4 trade","-1","-1"
"Iphone 4 trade","-1","-1"
"Iphone 4 trade","-1","-1"
"Iphone 4 trade","-1","-1"
"Iphone 4 trade","-1","-1"
"Iphone 4 trade","-1","-1"
"many iphone accessories","-1","-1"
"many iphone accessories","-1","-1"
"many iphone accessories","-1","-1"
"many iphone accessories","-1","-1"
"many iphone accessories","-1","-1"
"many iphone accessories","-1","-1"
"many iphone accessories","-1","-1"
"many iphone accessories","-1","-1"
"many iphone accessories","-1","-1"
"many iphone accessories","-1","-1"
"many iphone accessories","-1","-1"
"many iphone accessories","-1","-1"
"many iphone accessories","-1","-1"
"many iphone accessories","-1","-1"
"many iphone accessories","-1","-1"
"many iphone accessories","-1","-1"
"many iphone accessories","-1","-1"
"many iphone accessories","-1","-1"
"many iphone accessories","-1","-1"
"many iphone accessories","-1","-1"
"many iphone accessories","-1","-1"
"many iphone accessories","-1","-1"
"many iphone accessories","-1","-1"
"many iphone accessories","-1","-1"
"many iphone accessories","-1","-1"
"Iphone","1","1"
"Unlocked iPhone","1","1"
"iphone 16g","1","1"
"TWO iPhone for sale","1","1"
"iphone first gen","1","1"
"iphone first gen","1","1"
"iphone first gen","1","1"
"iphone first gen","1","1"
"iphone first gen","1","1"
"iphone first gen","1","1"
"iphone first gen","1","1"
"iphone first gen","1","1"
"iphone first gen","1","1"
"iphone first gen","1","1"
"iphone first gen","1","1"
"iphone first gen","1","1"
"iphone first gen","1","1"
"iphone first gen","1","1"
"iphone first gen","1","1"
"iphone first gen","1","1"
"iphone first gen","1","1"
"iphone first gen","1","1"
"iphone first gen","1","1"
"iphone first gen","1","1"
"iphone first gen","1","1"
"iphone first gen","1","1"
"iphone first gen","1","1"
"iphone first gen","1","1"
"iphone first gen","1","1"
"Iphone 1","1","1"
"Iphone 1","1","1"
"Iphone 1","1","1"
"Iphone 1","1","1"
"Iphone 1","1","1"
"Iphone 1","1","1"
"Iphone 1","1","1"
"Iphone 1","1","1"
"Iphone 1","1","1"
"Iphone 1","1","1"
"Iphone 1","1","1"
"Iphone 1","1","1"
"Iphone 1","1","1"
"Iphone 1","1","1"
"Iphone 1","1","1"
"Iphone 1","1","1"
"Iphone 1","1","1"
"Iphone 1","1","1"
"Iphone 1","1","1"
"Iphone 1","1","1"
"Iphone 1","1","1"
"Iphone 1","1","1"
"Iphone 1","1","1"
"Iphone 1","1","1"
"Iphone 1","1","1"
"Iphone 3 $60","3","1"
"Iphone 3s 32G with case","3","1"
"apple iphone 3 ‚Äì working","3","1"
"apple iphone 3 ‚Äì working","3","1"
"apple iphone 3 ‚Äì working","3","1"
"apple iphone 3 ‚Äì working","3","1"
"apple iphone 3 ‚Äì working","3","1"
"apple iphone 3 ‚Äì working","3","1"
"apple iphone 3 ‚Äì working","3","1"
"apple iphone 3 ‚Äì working","3","1"
"apple iphone 3 ‚Äì working","3","1"
"apple iphone 3 ‚Äì working","3","1"
"apple iphone 3 ‚Äì working","3","1"
"apple iphone 3 ‚Äì working","3","1"
"apple iphone 3 ‚Äì working","3","1"
"apple iphone 3 ‚Äì working","3","1"
"apple iphone 3 ‚Äì working","3","1"
"apple iphone 3 ‚Äì working","3","1"
"apple iphone 3 ‚Äì working","3","1"
"apple iphone 3 ‚Äì working","3","1"
"apple iphone 3 ‚Äì working","3","1"
"apple iphone 3 ‚Äì working","3","1"
"apple iphone 3 ‚Äì working","3","1"
"apple iphone 3 ‚Äì working","3","1"
"apple iphone 3 ‚Äì working","3","1"
"apple iphone 3 ‚Äì working","3","1"
"apple iphone 3 ‚Äì working","3","1"
"iPhone 3G - Cricket or any provider!","3g","1"
"iPhone 3gs unlocked","3g","1"
"iPhone 3G","3g","1"
"Iphone 3gs 16gb Unlocked","3g","1"
"AT&T iPhone 3G 8GB","3g","1"
"IPhone 3GS","3g","1"
"Apple iPhone 3G - Black, 8GB, AT&T/Cricket","3g","1"
"iphone 3gs att 60.00","3g","1"
"iphone 3g att 60.00","3g","1"
"iphone 3g att 60.00","3g","1"
"iphone 3g att 60.00","3g","1"
"iphone 3g att 60.00","3g","1"
"iphone 3g att 60.00","3g","1"
"iphone 3g att 60.00","3g","1"
"iphone 3g att 60.00","3g","1"
"iphone 3g att 60.00","3g","1"
"iphone 3g att 60.00","3g","1"
"iphone 3g att 60.00","3g","1"
"iphone 3g att 60.00","3g","1"
"iphone 3g att 60.00","3g","1"
"iphone 3g att 60.00","3g","1"
"iphone 3g att 60.00","3g","1"
"iphone 3g att 60.00","3g","1"
"iphone 3g att 60.00","3g","1"
"iphone 3g att 60.00","3g","1"
"iphone 3g att 60.00","3g","1"
"iphone 3g att 60.00","3g","1"
"iphone 3g att 60.00","3g","1"
"iphone 3g att 60.00","3g","1"
"iphone 3g att 60.00","3g","1"
"iphone 3g att 60.00","3g","1"
"iphone 3g att 60.00","3g","1"
"iphone 3g att 60.00","3g","1"
"iphone 4","4","1"
"MUST SELL SPRINT IPHONE 4 today!!","4","1"
"iPhone 4 factory unlock","4","1"
"iPhone 4 Verizon","4","1"
"Verizon iphone 4","4","1"
"iPhone 4 8GB Sprint/iPod","4","1"
"sprint iPhone 4 with solor powered charging pack.","4","1"
"iphone 4 Verizon","4","1"
"iPhone 4","4","1"
"iPhone 4 8 GB with Charger","4","1"
"Unlocked Iphone 4 16gb works great Factory Unlocked for white color","4","1"
"IPhone 4 16gig AT&T (MAKE BEST OFFER)","4","1"
"iphone 4","4","1"
"Unlocked IPhone 4 8gb","4","1"
"iPhone 4 (Black) w/ charger / no scrathes","4","1"
"iPhone 4 w/ Otterbox","4","1"
"iphone 4 at&t white","4","1"
"iPhone 4 -- Verizon","4","1"
"IPHONE 4 Verizon 32GB L@@K L@@K","4","1"
"Apple iPhone 4 - 16GB - Black (Unlocked) Smartphone","4","1"
"Black iPhone 4 for sale-Verizon","4","1"
"iphone 4 16gb sprint","4","1"
"**Apple iPhone 4 - 16GB - Black (Verizon) Smartphone","4","1"
"Apple iPhone 4 8GB Black Verizon","4","1"
"Sprint iPhone 4, 8 GB","4","1"
"IPhone 4 T-Mobile","4","1"
"Iphone 4","4","1"
"Black Cracked Screen Apple Sprint Iphone 4 8GB Smartphone","4","1"
"Good Condition Unlocked iPhone 4","4","1"
"iphone 4 8gb desbloqueado","4","1"
"iPhone 4/4s Charger USB and AC Wall - NEW !!","4","1"
"iPhone 4, 16GB, Verizon *Price Reduced-Firm*","4","1"
"iPhone 4 8 GB","4","1"
"iPhone 4","4","1"
"///IPHONE 4 16 GB VERIZON FOR SALE ///","4","1"
"iPhone 4 16GB Verizon","4","1"
"iPhone 4 att","4","1"
"Unlocked ATT iPhone 4","4","1"
"2 iPhone 4 priced to sell","4","1"
"Iphone 4 16gb White, Factory Unlocked GSM","4","1"
"iPhone 4 16g unlocked gsm - great condition","4","1"
"AT&T White 32GB iPhone 4 Factory Unlocked! (:","4","1"
"iPhone 4 Black Verizon $50 or best offer","4","1"
"iphone 4 (16 GB) AT&T excellent condition","4","1"
"Unlocked iPhone 4-16GB for sale by owner","4","1"
"White iPhone 4 (8GB)","4","1"
"Apple Iphone 4 32GB new condition","4","1"
"iPhone 4 Verizon like new condition","4","1"
"iPhone 4/8GB/Used/Verizon","4","1"
"***((( IPHONE 4 UNLOCKED GREAT CODITIONS )))***","4","1"
"Iphone 4","4","1"
"Sprint White iPhone 4 8gb","4","1"
"White iPhone 4 Verizon","4","1"
"IPHONE 4 great deal.","4","1"
"iphone 4 8gb (apple) with charger","4","1"
"iPhone 4 AT&T like new","4","1"
"Iphone 4 verizon 16gb cell phone","4","1"
"White Unlocked iphone 4","4","1"
"IPHONE 4 *UNLOCKED* blk/wht","4","1"
"Iphone 4 sprint","4","1"
"Iphone 4 unlock 16gb","4","1"
"sprint iPhone 4 8g white","4","1"
"iPhone 4 AT&T 8GB - Great condition!!!","4","1"
"iPhone 4","4","1"
"iPhone 4 16g perfect condition","4","1"
"iphone 4 verizon 16gb","4","1"
"Iphone 4 sprint","4","1"
"Broken iPhone 4","4","1"
"iPhone G4 8 gig","4","1"
"Apple iPhone 4 (16GB) Black VERIZON Smartphone great condition","4","1"
"Unlocked iPhone 4","4","1"
"2 Apple iPhone 4 Factory Unlocked for worldwide, using on tmobile","4","1"
"Sprint iPhone 4 - 8 GB - Black - Clean ESN - FLAWLESS CONDITION","4","1"
"iphone 4 16 gb (good condicion ) at&t","4","1"
"Iphone 4 black 16gb unlock cracked screen","4","1"
"iPhone 4. 8 gig","4","1"
"Verizon iPhone 4","4","1"
"Apple iPhone 4 16GB (A1332) - Factory Unlocked","4","1"
"Apple IPhone 4S with many leather & brand name cases and more","4s","1"
"iPhone 4s sprint","4s","1"
"iPhone 4s 16gb AT&T","4s","1"
"IPhone 4 for sale verizon","4s","1"
"IPHONE 4 T Mobile Unlocked","4s","1"
"iPhone 4S in new condition-Sprint","4s","1"
"iPhone 4S 16g","4s","1"
"iPhone 4s for sale cheap","4s","1"
"iPhone 4s","4s","1"
"IPhone 4s white 16gb","4s","1"
"White iphone 4s for sale!","4s","1"
"""Mint "" Apple iPhone 4s Smartphone Sprint - 16gig","4s","1"
"iPhone 4s white 16GB factory unlocked","4s","1"
"iPhone 4s 32 GB","4s","1"
"Iphone 4s black 16 GB...UNLOCKED UNLOCKED AT&T NET10 TMOBILE METRO PC","4s","1"
"iPhone 4s tmobile for sale cricket Excellent condition","4s","1"
"Iphone 4s Verizon white","4s","1"
"IPhone 4s","4s","1"
"IPhone 4S","4s","1"
"*Locked iPhone 4s 16gb AT&T*","4s","1"
"iPhone 4s 16GB Verizon","4s","1"
"sprint iphone 4s cracked front and back","4s","1"
"iPhone 4s white factory unlocked","4s","1"
"AT&T/Cricket iPhone 4s 32gb","4s","1"
"iphone 4s ATT 16gb","4s","1"
"iPhone 4s 16GB white","4s","1"
"iPhone 4s 16gb (att&t) and phone case","4s","1"
"IPhone 4s with all accs like new $85.00","4s","1"
"iphone 4s sprint","4s","1"
"iPhone 4 Black AT&T 32GB (Unlocked)","4s","1"
"iPhone 4S - Verizon (A1387) - Excellent Condition","4s","1"
"Apple iPhone 4S UNLOCKED","4s","1"
"iPhone 4S 16GB","4s","1"
"iPhone 4S 8 gb black AT&T","4s","1"
"iPhone 4S unlocked GSM (AT&T)","4s","1"
"iPhone 4S with Charger & Otterbox","4s","1"
"Iphone 4s Black 16G","4s","1"
"black 16 GB Verizon iPhone 4s","4s","1"
"Iphone 4s 32gb Sprint","4s","1"
"IPhone 4S 16G","4s","1"
"iPhone 4s Sprint 16g","4s","1"
"üì±üì± iPhone 4S üì±üì± AT&T","4s","1"
"iPhone 4S 16GB w/ Box, Charger, Headphones - LIKE NEW in Box","4s","1"
"iPhone 4s At&t W/Mophie Case","4s","1"
"Iphone 4s","4s","1"
"Apple iPhone 4s Verizon 16GB","4s","1"
"IPhone 4s 16gb AT&T white","4s","1"
"iPhone 4S 32GB","4s","1"
"iphone 4s 32gb icloud 9.5/10 $80 white","4s","1"
"IPHONE 4S GEVEY UNLOCK","4s","1"
"iPhone 4s at&t","4s","1"
"iPhone 4s WHITE 16 GB","4s","1"
"Iphone 4s","4s","1"
"iphone 4S 16GB","4s","1"
"iPhone 4s white 16GB unlocked","4s","1"
"iphone 4s","4s","1"
"iPhone 4s 16gb","4s","1"
"Apple iPhone 4S 16GB (White) - AT&T","4s","1"
"IPhone 4s","4s","1"
"iPhone 4S White 16GB for Sprint","4s","1"
"iPhone 4S 16 GB Verizon Clean IMEI","4s","1"
"iPhone 4s Black 16GB Verizon Light Ware","4s","1"
"Apple iPhone 4s","4s","1"
"‚ñë‚ñë iPhone 4 - Verizon - Listo para activar ‚ñë‚ñë","4s","1"
"iPhone 4S Verizon","4s","1"
"iPhone 4S","4s","1"
"Fairly New IPhone 4s Asking 70","4s","1"
"iPhone 4s","4s","1"
"IPhone 4s","4s","1"
"IPhone 4s 16gb Att","4s","1"
"iPhone 4s Black 16 Gig Great Condition Sprint","4s","1"
"atat cricket iphone 4s Clean esn imei number","4s","1"
"iphone 4s in box 8GB sprint","4s","1"
"White Iphone 4s in perfect condition","4s","1"
"iPhone 4S Black 16 Gb AT&T $125.00","4s","1"
"Iphone 4s","4s","1"
"T-Mobile iphone 4S 16gb Clean ESN ready to use!","4s","1"
"iphone 4s 16g","4s","1"
"IPhone 4S 16 GB (White) for Verizon","4s","1"
"IPHONE 4S 16GB FACTORY UNLOCKED IN BOX WITH EXTRAS!","4s","1"
"Iphone 4s 16gb Verizon","4s","1"
"Black UNLOCKED Apple iPhone 4s 16GB Tmobile AT&T","4s","1"
"iphone 4s 16 gig unlocked t-mobile","4s","1"
"iPhone 4S 32GB Unlocked AT&T, T-Mobile etc.","4s","1"
"Verizon IPhone 4s 16g","4s","1"
"black iPhone 4s 16 gig ATT perfect condition","4s","1"
"*apple iPhone 4s unlock 16 GB white","4s","1"
"Apple iPhone 4S 16GB (Black) - Verizon","4s","1"
"Unlocked iphone 4S 16GB, T-Mobile, AT&T, worldwide","4s","1"
"Verizon iPhone 4 16gb CLEAN ESN# GREAT Condition","4s","1"
"Iphone 4 -unlocked","4s","1"
"Used iphone 4s 16g","4s","1"
"Iphone 4s White Verizon","4s","1"
"BLACK APPLE IPHONE 4S 32GB AT&T","4s","1"
"IPHONE 4S ,htc,sanyo","4s","1"
"Apple iPhone 4S (16GB) White VERIZON Smartphone C - Like New","4s","1"
"Like new iPhone 4s VERIZON!","4s","1"
"Iphone 4S 16GB excellent condition","4s","1"
"iPhone 4s, White, 16GB, Sprint, Excellent Condition!! Case included","4s","1"
"**(((( iphone 4s unlocked ))))**","4s","1"
"Like new iPhone 4s 8gb white unlocked, Att, T-Mobile, metro pcs","4s","1"
"Iphone 4s AT&T 16 GB Black ******","4s","1"
"3 Apple iPhone 4S 32GB GSM Unlocked 2 white 1black Worldwide Ready","4s","1"
"iPhone 4S 16GB AT&T","4s","1"
"Apple Iphone 4S 16gb unlocked for Tmobile","4s","1"
"iPhone 4s","4s","1"
"IPHONE 4S 16gb FACTORY UNLOCKED, CLEAN ESN. LOOKS NEW **PICS ADDED**","4s","1"
"iPhone 4S 16GB Factory Unlocked White","4s","1"
"2 Iphone 4S - 32GB & 64GB - Factory Unlocked USE ANY SIM CARD","4s","1"
"#### iPhone 4S AT&T LIKE NEW 9/10 ONLY $140!!! ####","4s","1"
"iPhone 4s Bundle - New Lower Price !!! !","4s","1"
"UNLOCKED iphone 4s great condition","4s","1"
"Verizon iPhone 4s 120.00","4s","1"
"Like new iPhone 4s 8gb white unlocked, Att, T-Mobile, metro pcs","4s","1"
"Like new iPhone 4s 8gb white unlocked, Att, T-Mobile, metro pcs","4s","1"
"Like new iPhone 4s 8gb white unlocked, Att, T-Mobile, metro pcs","4s","1"
"Like new iPhone 4s 8gb white unlocked, Att, T-Mobile, metro pcs","4s","1"
"Like new iPhone 4s 8gb white unlocked, Att, T-Mobile, metro pcs","4s","1"
"Like new iPhone 4s 8gb white unlocked, Att, T-Mobile, metro pcs","4s","1"
"Like new iPhone 4s 8gb white unlocked, Att, T-Mobile, metro pcs","4s","1"
"Like new iPhone 4s 8gb white unlocked, Att, T-Mobile, metro pcs","4s","1"
"Like new iPhone 4s 8gb white unlocked, Att, T-Mobile, metro pcs","4s","1"
"Like new iPhone 4s 8gb white unlocked, Att, T-Mobile, metro pcs","4s","1"
"Like new iPhone 4s 8gb white unlocked, Att, T-Mobile, metro pcs","4s","1"
"Like new iPhone 4s 8gb white unlocked, Att, T-Mobile, metro pcs","4s","1"
"Like new iPhone 4s 8gb white unlocked, Att, T-Mobile, metro pcs","4s","1"
"Like new iPhone 4s 8gb white unlocked, Att, T-Mobile, metro pcs","4s","1"
"Like new iPhone 4s 8gb white unlocked, Att, T-Mobile, metro pcs","4s","1"
"Like new iPhone 4s 8gb white unlocked, Att, T-Mobile, metro pcs","4s","1"
"Like new iPhone 4s 8gb white unlocked, Att, T-Mobile, metro pcs","4s","1"
"Like new iPhone 4s 8gb white unlocked, Att, T-Mobile, metro pcs","4s","1"
"Like new iPhone 4s 8gb white unlocked, Att, T-Mobile, metro pcs","4s","1"
"Like new iPhone 4s 8gb white unlocked, Att, T-Mobile, metro pcs","4s","1"
"Like new iPhone 4s 8gb white unlocked, Att, T-Mobile, metro pcs","4s","1"
"Like new iPhone 4s 8gb white unlocked, Att, T-Mobile, metro pcs","4s","1"
"Like new iPhone 4s 8gb white unlocked, Att, T-Mobile, metro pcs","4s","1"
"Like new iPhone 4s 8gb white unlocked, Att, T-Mobile, metro pcs","4s","1"
"Like new iPhone 4s 8gb white unlocked, Att, T-Mobile, metro pcs","4s","1"
"Apple iPhone 4S 32GB GSM Unlocked 2 white 1black Worldwide Ready","4s","1"
"Apple iPhone 4S 32GB GSM Unlocked 2 white 1black Worldwide Ready","4s","1"
"Apple iPhone 4S 32GB GSM Unlocked 2 white 1black Worldwide Ready","4s","1"
"Apple iPhone 4S 32GB GSM Unlocked 2 white 1black Worldwide Ready","4s","1"
"Apple iPhone 4S 32GB GSM Unlocked 2 white 1black Worldwide Ready","4s","1"
"Apple iPhone 4S 32GB GSM Unlocked 2 white 1black Worldwide Ready","4s","1"
"Apple iPhone 4S 32GB GSM Unlocked 2 white 1black Worldwide Ready","4s","1"
"Apple iPhone 4S 32GB GSM Unlocked 2 white 1black Worldwide Ready","4s","1"
"Apple iPhone 4S 32GB GSM Unlocked 2 white 1black Worldwide Ready","4s","1"
"Apple iPhone 4S 32GB GSM Unlocked 2 white 1black Worldwide Ready","4s","1"
"Apple iPhone 4S 32GB GSM Unlocked 2 white 1black Worldwide Ready","4s","1"
"Apple iPhone 4S 32GB GSM Unlocked 2 white 1black Worldwide Ready","4s","1"
"Apple iPhone 4S 32GB GSM Unlocked 2 white 1black Worldwide Ready","4s","1"
"Apple iPhone 4S 32GB GSM Unlocked 2 white 1black Worldwide Ready","4s","1"
"Apple iPhone 4S 32GB GSM Unlocked 2 white 1black Worldwide Ready","4s","1"
"Apple iPhone 4S 32GB GSM Unlocked 2 white 1black Worldwide Ready","4s","1"
"Apple iPhone 4S 32GB GSM Unlocked 2 white 1black Worldwide Ready","4s","1"
"Apple iPhone 4S 32GB GSM Unlocked 2 white 1black Worldwide Ready","4s","1"
"Apple iPhone 4S 32GB GSM Unlocked 2 white 1black Worldwide Ready","4s","1"
"Apple iPhone 4S 32GB GSM Unlocked 2 white 1black Worldwide Ready","4s","1"
"Apple iPhone 4S 32GB GSM Unlocked 2 white 1black Worldwide Ready","4s","1"
"Apple iPhone 4S 32GB GSM Unlocked 2 white 1black Worldwide Ready","4s","1"
"Apple iPhone 4S 32GB GSM Unlocked 2 white 1black Worldwide Ready","4s","1"
"Apple iPhone 4S 32GB GSM Unlocked 2 white 1black Worldwide Ready","4s","1"
"Apple iPhone 4S 32GB GSM Unlocked 2 white 1black Worldwide Ready","4s","1"
"iPhone 5, Unlocked","5","1"
"Iphone 5 16 GB. ATT with box -New Excellent condition","5","1"
"16gb white iPhone 5","5","1"
"APPLE IPHONE 5 16GB (SPRINT)","5","1"
"iPhone 5 White 16GB AT&T","5","1"
"Verizon iPhone 5 factory unlock","5","1"
"IPHONE 5","5","1"
"Unlocked iphone 5 16gb for sale!","5","1"
"Brand New 32GB Iphone 5 Unlocked with All Accessories Plus Lot More","5","1"
"Iphone 5 in good condition","5","1"
"Sprint IPhone 5 32GB","5","1"
"AT&T White iPhone 5 16g","5","1"
"Factory unlocked Iphone 5 16Gb white like new","5","1"
"iPhone 5 16 GB White Sprint","5","1"
"SPRINT IPHONE 5 for sale","5","1"
"iPhone 5","5","1"
"Iphone 5 verizon/ unlocked white 16gb","5","1"
"IPhone 5 - 64G get an IPhone 3- 32G FREE","5","1"
"iPhone 5 64 GB","5","1"
"Brand New White/Silver IPhone 5 32 Gb","5","1"
"Iphone 5 16GB unlock","5","1"
"iPhone 5 64 GB AT&T - $275 (North County)","5","1"
"Iphone 5 black 16G ATT","5","1"
"iPhone 5 Verizon (white)","5","1"
"IPHONE 5 LOOKS BRAND NEW *unlocked","5","1"
"iphone 5 sprint perfect condition","5","1"
"IPHONE 5 LIKE BRAND NEW FACTORY UNLOCKED","5","1"
"iPhone 5 in good condition","5","1"
"Unlocked silver iPhone 5 32gb","5","1"
"iPhone 5 ATT carrier","5","1"
"Iphone 5 att","5","1"
"white factory unlocked iphone 5 16gb (box, charger)","5","1"
"Apple iPhone 5 - Factory Unlocked - White - 64 GB - Great Condition","5","1"
"White iPhone 5 for sprint","5","1"
"***Like New Refurbished Iphone 5 White AT&T 16gb***","5","1"
"iPHONE 5 WHITE 16 GB-SPRINT-CLEAN ESN- IN MINT CONDITION FOR SALE","5","1"
"IPhone 5","5","1"
"att. iphone 5","5","1"
"iPhone 5 white Verizon 16 gb","5","1"
"Locked iphone 5","5","1"
"iPhone 5-Sprint","5","1"
"iPhone 5 32 gig Sprint","5","1"
"Perfect shape Iphone 5 16gb AT&T, whi","5","1"
"iphone 5 64GB Unlocked","5","1"
"iPhone 5","5","1"
"iPhone 5 Verizon 16MB -$190","5","1"
"Excellent condition iPhone 5, 16GB, including 2 Vera Bradley cases","5","1"
"iPhone 5 T-mobile 16gb white Like new condition","5","1"
"Like New Iphone 5 32GB Unlock","5","1"
"iPhone 5 UNLOCKED","5","1"
"Iphone 5 White Unlocked","5","1"
"Space Grey iPhone 5 32gb w/ Box Excellent condition","5","1"
"Iphone 5 sprint wiped clean no icloud lock .... BAD ESN","5","1"
"iPhone 5","5","1"
"Verizon 16GB iphone 5 excellent condition","5","1"
"iPhone 5 64GB in Black Color Like New Flawless Condition Fac Unlocked","5","1"
"BLACK IPHONE 5 CLEAN UNLOCKED","5","1"
"AT&T iPhone 5 16gb Unlocked - Meticulously Well Taken Care Of","5","1"
"iPhone 5 at&t","5","1"
"At and t Iphone 5 32 gb","5","1"
"iphone 5 AT&T - shattered screen","5","1"
"iPhone 5 16 G","5","1"
"iPhone 5 with power bank sprint","5","1"
"Unlocked iPhone 5 16GB Black AT&T","5","1"
"Iphone 5 - perfect condition","5","1"
"iPhone 5 - Unlocked - Black - 8gb","5","1"
"iPhone 5 unlock /at&t","5","1"
"iPhone 5 - White - Factory Unlocked for sale","5","1"
"Iphone 5 - 32 gb black - unlocked! Use with any carrier!","5","1"
"iphone 5 brand new unlocked","5","1"
"Factory Unlocked Iphone 5 32GB Black","5","1"
"Iphone 5 (offer up) as is","5","1"
"IPhone 5","5","1"
"iphone 5 with life proof case, yurbuds armband","5","1"
"Brand New SEALED iPhone 5 64GB Factory Unlocked","5","1"
"Iphone 5 unlocked","5","1"
"Iphone 5 unlocked","5","1"
"i have two iphone 4 sale 5s & 5","5","1"
"White Verizon iPhone 5 for sale (16g)","5","1"
"iPhone 5 32gb black good condition","5","1"
"iPhone 5, 16GB, New Never Opened! (Factory Unlocked to all Carriers)","5","1"
"Silver iPhone 5 16gb","5","1"
"Like New Unlocked 16GB iPhone 5 for sale!!","5","1"
"iPhone 5 16GB AT&T","5","1"
"iPhone 5 for sale","5","1"
"16GB White iPhone 5 factory unlocked","5","1"
"iPhone 5 T-Mobile (unlocked)","5","1"
"iphone 5 64GB Black","5","1"
"Iphone 5 (Sprint) Excellent Condition/Clean ESN","5","1"
"iPhone 5 Sprint 64gb Very good condition!Black And White","5","1"
"unlocked 64 gb iphone 5","5","1"
"iphone 5","5","1"
"Black iPhone 5 16 GB - Factory Unlocked","5","1"
"Apple - White iPhone 5 Unlocked 16GB","5","1"
"iPhone 5 :)","5","1"
"iPhone 5 32GB Unlocked International","5","1"
"BRAND NEW IPHONE 5 UNLOCKED !!","5","1"
"iPhone 5 white (AT&T)","5","1"
"2 broken iphone 5","5","1"
"Apple iPhone 5 Black AT&T 16gb","5","1"
"Factory Unlocked iPhone 5 16GB Black","5","1"
"iPhone 5 32gb AT&T black","5","1"
"IPHONE 5 Unlock 16GB","5","1"
"Apple iPhone 5 At&t 16GB (Great Condition)","5","1"
"IPHONE 5 UNLOCKED NO SCARTCHES AT ALL!!","5","1"
"Great Condition iPhone 5!! For Sell!!!","5","1"
"Iphone 5,6","5","1"
"iPhone 5 16G for sale","5","1"
"Iphone 5 unlocked white 16gb in box one owner","5","1"
"Apple iPhone 5 - 16GB - Black - SPRINT","5","1"
"Black or white iPhone 5","5","1"
"2 Iphone 5 for Sale","5","1"
"Iphone 5","5","1"
"De venta iphone 5 deslaquiado como nuevo","5","1"
"iPhone 5 unlocked","5","1"
"Iphone 5 AT&T Like New Condition","5","1"
"Brand New Unlocked iPhone 5","5","1"
"iPhone 5","5","1"
"iPhone 5, ATT, 64gb, black","5","1"
"UNLOCKED WHITE 16 GIG IPHONE 5 WITH USB","5","1"
"16GB Black Verizon iPhone 5","5","1"
"Iphone 5 otter box","5","1"
"iPhone 5 32g AT&T unlock","5","1"
"UNLOCKED iPhone 5 32gb WHITE","5","1"
"‚ñÆUNLOCKED iPHONE 5 16G FOR AT&T OR VERIZON IN EXCELLENT CONDITION‚ñÆ","5","1"
"iphone 5 AT&T","5","1"
"iPhone 5 32gb White Unknown Carrier iCloud Locked","5","1"
"Iphone 5","5","1"
"iPhone 5 (32g) white","5","1"
"Apple iPhone 5 AT&T used","5","1"
"Used at&t IPhone 5 16gb","5","1"
"Black Iphone 5 16gb for Sprint!!!","5","1"
"iphone 5","5","1"
"apple iPhone 5 at&t clean esn","5","1"
"iphone 5 black for parts","5","1"
"UNLOCKED IPHONE 5 32GB BLACK","5","1"
"IPHONE 5 FACTORY UNLOCKED EXCELLENT CONDITION","5","1"
"Apple iPhone 5 - 16GB (Verizon) w/ OtterBox Case, charger, etc. Look!","5","1"
"Iphone 5","5","1"
"iPhone 5 unlocked clean esn! 16 gig black","5","1"
"factory unlocked iphone 5 16gb like new 10/10","5","1"
"iphone 5 16GB verizon","5","1"
"AT&T iPhone 5 Black 16gb","5","1"
"Apple iPhone 5 White and Space Grey","5","1"
"2 month old Verizon iPhone 5 with 2 month old Mophie Case","5","1"
"iPhone 5- White 16gb unlocked","5","1"
"iPhone 5 32GB - Black","5","1"
"iPhone 5 UNLOCKED 30gb BLACK pristine condition with lots of extras.","5","1"
"Verizon Wireless iPhone 5 available now","5","1"
"16GB Black Verizon iPhone 5","5","1"
"16GB Black Verizon iPhone 5","5","1"
"16GB Black Verizon iPhone 5","5","1"
"16GB Black Verizon iPhone 5","5","1"
"16GB Black Verizon iPhone 5","5","1"
"16GB Black Verizon iPhone 5","5","1"
"16GB Black Verizon iPhone 5","5","1"
"16GB Black Verizon iPhone 5","5","1"
"16GB Black Verizon iPhone 5","5","1"
"16GB Black Verizon iPhone 5","5","1"
"16GB Black Verizon iPhone 5","5","1"
"16GB Black Verizon iPhone 5","5","1"
"16GB Black Verizon iPhone 5","5","1"
"16GB Black Verizon iPhone 5","5","1"
"16GB Black Verizon iPhone 5","5","1"
"16GB Black Verizon iPhone 5","5","1"
"16GB Black Verizon iPhone 5","5","1"
"16GB Black Verizon iPhone 5","5","1"
"16GB Black Verizon iPhone 5","5","1"
"16GB Black Verizon iPhone 5","5","1"
"16GB Black Verizon iPhone 5","5","1"
"16GB Black Verizon iPhone 5","5","1"
"16GB Black Verizon iPhone 5","5","1"
"16GB Black Verizon iPhone 5","5","1"
"16GB Black Verizon iPhone 5","5","1"
"Sprint Iphone 5c","5c","1"
"JAIL BROKEN 64 GB WHITE IPHONE 5C","5c","1"
"Iphone 5c's unlocked different colors","5c","1"
"2 brand new iPhone 5c MUST go today MAKE OFFER","5c","1"
"IPHONE 5C BLUE 16gb UNLOCK NEW CLEAN IMEI NO BLOCKS","5c","1"
"16 gb iPhone 5c GREAT CONDITION","5c","1"
"iPhone 5 c white","5c","1"
"iPhone 5","5c","1"
"iPhone 5c White Verizon","5c","1"
"APPLE IPHONE 5C PINK 16GB BRAND NEW ON SALE","5c","1"
"factory unlocked iphone 5c blue","5c","1"
"iPhone 5C white Sprint","5c","1"
"iPhone 5 c blue","5c","1"
"iPhone 5c 16 giga White Sprint","5c","1"
"16gb iPhone 5c white for sprint","5c","1"
"iPhone 5c Pink","5c","1"
"iphone 5c","5c","1"
"White iPhone 5c 16gb UNLOCKED","5c","1"
"White ATT iPhone 5C 16gig","5c","1"
"SPRINT iPhone 5c - PERFECT condition","5c","1"
"ATT iphone 5C 16GB BLUE.","5c","1"
"iPhone 5c 16g","5c","1"
"White iPhone 5C 16 GB with Charger and Factory Unlocked","5c","1"
"Brand new Iphone 5c (blue)","5c","1"
"iPhone 5C case","5c","1"
"APPLE IPHONE 5C T-MOBILE AT&T 16GB 4G UNLOCKED","5c","1"
"Verizon iPhone 5c 16GB bran new","5c","1"
"Factory Unlocked Iphone 5C white","5c","1"
"IPHONE 5C UNLOCKED","5c","1"
"IPhone 5c excellent condition","5c","1"
"IPHONE 5C WHITE 16 GB VERIZON UNLOCKED READY TO USE NOT ICLOUD LOCKED","5c","1"
"iPhone 5c 16 gb pink","5c","1"
"iPhone 5C Green 16GB","5c","1"
"Selling a perfect iPhone 5c pink Unlocked for any sim card tmobile","5c","1"
"iPhone 5c","5c","1"
"Brand new AT&T iPhone 5c !! Never been used","5c","1"
"iphone 5c 16gb factory unlocked","5c","1"
"Apple IPhone 5c 16GB Pink UNLOCKED with case","5c","1"
"2 Iphone 5c white no icloud","5c","1"
"Blue iPhone 5c","5c","1"
"iPhone 5c : T-Mobile : Bad IMEI","5c","1"
"Iphone 5c Brand New! UNLOCKED!!","5c","1"
"UNLOCKED 16GB IPHONE 5C WHITE","5c","1"
"iPhone 5c White 16gb - Factory Unlocked (Great condition 8/10)","5c","1"
"iPhone 5c 16gb unlocked $220 all colors (–ó47) 201-787I","5c","1"
"iPhone 5c 8gb Green Verizon","5c","1"
"iphone 5c","5c","1"
"Sprint Apple Iphone 5c good esn good condition any color","5c","1"
"Great conditions IPhone 5C unlocked work with any carrier..","5c","1"
"iphone 5c Blue 16GB Att ONLY","5c","1"
"Sprint iPhone 5c 16g","5c","1"
"iPhone 5c","5c","1"
"iPhone 5C-310$ 16GB UNLOCKED","5c","1"
"iphone 5c asking 160 phone needs to be unlocked","5c","1"
"iphone 5c white","5c","1"
"Iphone 5c pink","5c","1"
"Pink 16 gigabyte sprint iPhone 5C","5c","1"
"iPhone 5c 16gb Unlocked Any color $230","5c","1"
"iPhone 5c sprint (pink)","5c","1"
"Iphone 5C 16GB White Mint Condition FACTORY UNLOCKED (T-mobile, AT&T)","5c","1"
"iPhone 5c T-mobile","5c","1"
"iPhone 5c 16gb unlocked $230 all colors (–ó47) 201-787I","5c","1"
"iPhone 5c blue excellent condition","5c","1"
"Pink Sprint Iphone 5C like brandnew 170$$ obo","5c","1"
"iPhone 5C 16GB blue unlocked ready for any SIM card","5c","1"
"iPhone 5c (ATT) Blue in Good Condition","5c","1"
"VERIZON IPHONE 5C - BLUE - 16 GB","5c","1"
"APPLE IPHONE 5C BRAND NEW UNLOCKED","5c","1"
"Sprint iPhone 5c","5c","1"
"IPhone 5c pink","5c","1"
"iphone 5c 32g (white) AT&T","5c","1"
"Pink Sprint Iphone 5C like brandnew 170$$ obo","5c","1"
"Pink Sprint Iphone 5C like brandnew 170$$ obo","5c","1"
"Pink Sprint Iphone 5C like brandnew 170$$ obo","5c","1"
"Pink Sprint Iphone 5C like brandnew 170$$ obo","5c","1"
"Pink Sprint Iphone 5C like brandnew 170$$ obo","5c","1"
"Pink Sprint Iphone 5C like brandnew 170$$ obo","5c","1"
"Pink Sprint Iphone 5C like brandnew 170$$ obo","5c","1"
"Pink Sprint Iphone 5C like brandnew 170$$ obo","5c","1"
"Pink Sprint Iphone 5C like brandnew 170$$ obo","5c","1"
"Pink Sprint Iphone 5C like brandnew 170$$ obo","5c","1"
"Pink Sprint Iphone 5C like brandnew 170$$ obo","5c","1"
"Pink Sprint Iphone 5C like brandnew 170$$ obo","5c","1"
"Pink Sprint Iphone 5C like brandnew 170$$ obo","5c","1"
"Pink Sprint Iphone 5C like brandnew 170$$ obo","5c","1"
"Pink Sprint Iphone 5C like brandnew 170$$ obo","5c","1"
"Pink Sprint Iphone 5C like brandnew 170$$ obo","5c","1"
"Pink Sprint Iphone 5C like brandnew 170$$ obo","5c","1"
"Pink Sprint Iphone 5C like brandnew 170$$ obo","5c","1"
"Pink Sprint Iphone 5C like brandnew 170$$ obo","5c","1"
"Pink Sprint Iphone 5C like brandnew 170$$ obo","5c","1"
"Pink Sprint Iphone 5C like brandnew 170$$ obo","5c","1"
"Pink Sprint Iphone 5C like brandnew 170$$ obo","5c","1"
"Pink Sprint Iphone 5C like brandnew 170$$ obo","5c","1"
"Pink Sprint Iphone 5C like brandnew 170$$ obo","5c","1"
"Pink Sprint Iphone 5C like brandnew 170$$ obo","5c","1"
"IPHONE 5c FOR SALE $340","5c","1"
"iPhone 5c 16g Blue Unlocked","5c","1"
"iPhone 5S 32GB UNLOCKED","5s","1"
"Gold iPhone 5s 32gb Sprint","5s","1"
"AT&T IPhone 6, Gold, 128GB, New, Unopened - $700 (McKinney, TX)","5s","1"
"iPhone 5s 16 gb","5s","1"
"Iphone 5s 32gb White/ Gold - Unlocked Perfect Condition","5s","1"
"Black iPhone 5S Verizon 16GB","5s","1"
"IPHONE 5S","5s","1"
"BRAND NEW IPHONE 5s","5s","1"
"Iphone 5s champagne gold tmobile","5s","1"
"Iphone 5s trade","5s","1"
"Unlocked iPhone 5s 64GB","5s","1"
"iPhone 5S","5s","1"
"--------!!!!!!!!!! iPhone 5s factory unlocked like new","5s","1"
"Iphone 5s (Sprint)","5s","1"
"iphone 5s black forsale","5s","1"
"iphone 5s (at&t) *icloud activation lock*","5s","1"
"WTT Verizon iPhone 5s for Verizon Windows Phone","5s","1"
"Apple iPhone 5S 16GB (AT&T) ($100)","5s","1"
"GOLD iPhone 5S 16g AT&T UNLOCKED","5s","1"
"16gig AT&T IPhone 5s","5s","1"
"iPhone 5s Gold sprint 16g","5s","1"
"iPhone 5s - Verizon","5s","1"
"IPHONE 5S GOLD 32GB-FACTORY UNLOCKED","5s","1"
"Brand New Apple iPhone 5S 64GB FACTORY UNLOCKED Space-Gray Color","5s","1"
"White iPhone 5s Unlocked","5s","1"
"iPhone 5S AT&T","5s","1"
"Great Deal... Great Price... Factory Unlocked IPHONE 5S!","5s","1"
"Iphone 5S white 16GB Factory Unlocked","5s","1"
"Apple iPhone 5s 32GB","5s","1"
"iPhone 5s gold unlocked","5s","1"
"IPhone 5s T-Mobile/Metro Clean","5s","1"
"iphone 5s 16gb Black factory unlocked Mint Condition","5s","1"
"Att iPhone 5s clean esn","5s","1"
"iphone 5s 16GB Sprint","5s","1"
"****BIG SALE! IPHONE 5S AT&T AND CRICKET! BOX&ACCESORIES INCLUDED****","5s","1"
"Apple Iphone 5S White Verizon mint condition","5s","1"
"iPhone 5s 64g","5s","1"
"iPhone 5S Gold","5s","1"
"iPhone 5s 16 for sprint","5s","1"
"iPhone 5s","5s","1"
"Iphone 5s (A1453) carrier unlocked","5s","1"
"IPhone 5s mint! T-Mobile or metro pcs","5s","1"
"APPLE IPHONE 5S BRAND NEW IN BOX 16GB GOLD FACTORY UNLOCKED ON SALE:","5s","1"
"Iphone 5s","5s","1"
"iPhone 5s","5s","1"
"Brand new sprint iphone 5s","5s","1"
"Iphone 5s","5s","1"
"iPhone 5s gold sprint","5s","1"
"unlocked iphone 5s","5s","1"
"AT&T Apple 5s IPhone Gold 16gb","5s","1"
"Iphone 5s white/silver 16gb","5s","1"
"iPhone 5S 64 GB UNLOCKED FINGERPRINT SECURITY NEW","5s","1"
"iPhone 5s 16gb factory unlocked white","5s","1"
"iPhone 5s 16gb","5s","1"
"Iphone. 5s gold","5s","1"
"Sprint iPhone 5s 16GB WHITE","5s","1"
"Iphone 5s 32gb","5s","1"
"IPHONE 5S Gold for sprint","5s","1"
"Iphone 5s 16gb verizon gold","5s","1"
"AT&T iPhone 5S in silver for sale.","5s","1"
"iPhone 5s silver","5s","1"
"iphone 5s gold Tmobie","5s","1"
"iPhone 5s","5s","1"
"IPHONE 5S 16GB","5s","1"
"SELLING MINT CONDITION 32GB GOLD IPHONE 5S-TMOBILE-T","5s","1"
"AT&T iPhone 5s Gold with Box","5s","1"
"Sprint iPhone 5s","5s","1"
"APPLE IPHONE 5S like NEW I 16GB GOLD FACTORY UNLOCKED ON SALE space gr","5s","1"
"Iphone 5s 32gb sprint","5s","1"
"New iPhone 5S","5s","1"
"iPHONE 5S, Gold, Att, Mint!","5s","1"
"IPhone 5s gold 16gb","5s","1"
"2- iPhone 5S for sale","5s","1"
"iphone 5s 16gb Tmobile black","5s","1"
"iPhone 5s 64GB Space Grey MINT Condition","5s","1"
"iPhone 5S 16g space grey Verizon brand new","5s","1"
"iPhone 5S 32gb","5s","1"
"Space Gray 16GB Apple iPhone 5S (T-Mobile)(Cracked Screen)","5s","1"
"iPhone 5s unlocked","5s","1"
"Like New AT&T 32G iPhone 5s Gray","5s","1"
"iphone 5s, note 4 for sale","5s","1"
"Unlocked Gold iPhone 5s Clean IMEI & NO iCloud lock","5s","1"
"iPhone 5s 16 GB","5s","1"
"iPhone 5s 16GB UNLOCKED","5s","1"
"Iphone 5S 16gb Sprint $275 OBO","5s","1"
"Sealed in box brand new Tmobile gold iphone 5S-16gb never opened","5s","1"
"Verizon iPhone 5s","5s","1"
"IPhone 5s unlocked/t-mobile 16gb","5s","1"
"IPHONE 5S - AT&T 16G BLACK with Headphones","5s","1"
"Factory Unlocked iPhone 5S 32G Black","5s","1"
"IPHONE 5S 32GB VERIZON","5s","1"
"2 Iphone 5S 16GB excellent condition SPRINT","5s","1"
"Iphone 5s gold 16gb with Mophie Juice pack","5s","1"
"BLACK IPHONE 5S 64GB AT&T","5s","1"
"Iphone 5s 32gb silver verizon","5s","1"
"iPhone 5S 32GB Gold (Unlocked) + Free cases","5s","1"
"BRAND NEW SPRINT IPHONE 5S","5s","1"
"Unlocked Apple iPhone 5s 32GB Space Gray","5s","1"
"IPHONE 5S - 16GB LIKE NEW UNLOCK","5s","1"
"iPhone 5s 32gb Gold AT&T","5s","1"
"Sprint iPhone 5s White 16 gb","5s","1"
"IPHONE 5S BRAND NEW UNLOCKED WORLD PHONE","5s","1"
"Excellent condition IPhone 5s space grey","5s","1"
"IPhone 5s white unlocked like new","5s","1"
"iPhone 5s","5s","1"
"iphone 5s","5s","1"
"AT&T iPhone 5s factory unlocked gold","5s","1"
"iPhone 5s black and gray","5s","1"
"IPhone 5s 16 gb unlocked verizon works great mint condition","5s","1"
"iphone 5s","5s","1"
"ATT iPhone 5s 64gb","5s","1"
"Verizon Apple iPhone 5S white 8GB","5s","1"
"White iPhone 5s in excellent condition","5s","1"
"Apple iPhone 5S - GOLD 16gb for ATT Unlocked","5s","1"
"iPhone 5S","5s","1"
"Apple IPhone 5s 16gb gold","5s","1"
"Mint verizon unlocked iPhone 5s white and gold 16G","5s","1"
"iPhone 5S 16g Gold Brand New","5s","1"
"iphone 5s 64gb gold unlocked","5s","1"
"IPhone 5s Sprint 64gb","5s","1"
"Iphone 5s black 32gb Sprint","5s","1"
"iphone 5s factory unlocked 16 GB T-Mobile Metro pcs all working","5s","1"
"IPhone 5s Tmobile","5s","1"
"IPHONE 5s 16 gb WHITE","5s","1"
"32gb iPhone 5s","5s","1"
"iPhone 5s 32gb unlocked","5s","1"
"iPhone 5S Verizon 16G BUNDLE","5s","1"
"New iPhone 5s","5s","1"
"iPhone 5S- T Mobile","5s","1"
"iPhone 5s 64g Silver","5s","1"
"64gb Space Grey iPhone 5S! Like new!","5s","1"
"Brand New ATT iPhone 5s, 16gb","5s","1"
"Unlocked iPhone 5s","5s","1"
"iPhone 5s Gold 16gb (sprint)","5s","1"
"iPhone 5S- AT&T-32GB- PLUS MICROCELL Network Extender","5s","1"
"iPhone 5s 64 gn","5s","1"
"T-Mobile iPhone 5s 32gb Gold","5s","1"
"Black iPhone 5s 16gb factory unlocked T-Mobile or metro","5s","1"
"Verizon Apple iPhone 5S-16GB (Unlocked)","5s","1"
"used iPhone 5S 16GB Space Gray GSM Unlocked","5s","1"
"iPhone 5S (black listed and icloud locked)","5s","1"
"iPhone 5S 16g BLACK AT&T","5s","1"
"Sprint iphone 5s 64gb GOLD clean esn","5s","1"
"Sprint iPhone 5s","5s","1"
"Silver Apple iPhone 5S Unlocked - 16GB","5s","1"
"Iphone 5s brand new used 1 week in case no marks. att","5s","1"
"iPhone 5S, 16gb, great condition","5s","1"
"SPRINT IPHONE 5S- LIKE NEW","5s","1"
"Verizon iPhone 5S Gold/White 16GB","5s","1"
"üåøSurvivor iPhone 5s Case-Brand Newüåø","5s","1"
"Awesome Apple iPhone 5S 64g NOT locked IN HAND! Latest BNIB Latest Model","5s","1"
"iPhone 5s t mobile","5s","1"
"MINT IPHONE 5S SPACE GREY GRAY BLACK 16GB AT&T ATT","5s","1"
"Great Condition - IPhone 5S","5s","1"
"iPhone 5s Unlocked 64 GB White Gold NEW / MINT Condition","5s","1"
"IPHONE 5S BLACK 16GB / SPRINT","5s","1"
"iPhone 5s 32GB Silver / White (AT&T GSM Unlocked) Mint Condition","5s","1"
"IPhone 5s 64gb unlocked space grey","5s","1"
"iPhone 5s white unlocked","5s","1"
"black iphone 5s sprint,bad imei and icloud lock","5s","1"
"Very good white color iPhone 5s 16gb unlocked, Att, T-Mobile metro","5s","1"
"Unlocked iPhone 5S space grey open to trades","5s","1"
"IPhone 5s unlocked 16gb","5s","1"
"iphone 5s GOLD AND WHITE 16 Gb GOOD FOR METRO PCS","5s","1"
"iPhone 5s","5s","1"
"iphone 5s 32gb sprint w/ original box and charger","5s","1"
"brand new iphone 5s 8GB","5s","1"
"brand new iphone 5s 8GB","5s","1"
"brand new iphone 5s 8GB","5s","1"
"brand new iphone 5s 8GB","5s","1"
"brand new iphone 5s 8GB","5s","1"
"brand new iphone 5s 8GB","5s","1"
"brand new iphone 5s 8GB","5s","1"
"brand new iphone 5s 8GB","5s","1"
"brand new iphone 5s 8GB","5s","1"
"brand new iphone 5s 8GB","5s","1"
"brand new iphone 5s 8GB","5s","1"
"brand new iphone 5s 8GB","5s","1"
"brand new iphone 5s 8GB","5s","1"
"brand new iphone 5s 8GB","5s","1"
"brand new iphone 5s 8GB","5s","1"
"brand new iphone 5s 8GB","5s","1"
"brand new iphone 5s 8GB","5s","1"
"brand new iphone 5s 8GB","5s","1"
"brand new iphone 5s 8GB","5s","1"
"brand new iphone 5s 8GB","5s","1"
"brand new iphone 5s 8GB","5s","1"
"brand new iphone 5s 8GB","5s","1"
"brand new iphone 5s 8GB","5s","1"
"brand new iphone 5s 8GB","5s","1"
"brand new iphone 5s 8GB","5s","1"
"iPhone 5S 32GB UNLOCKED","5s","1"
"IPhone 5s sprint 16gb great condition","5s","1"
"Iphone 5s white 16 gb for sale","5s","1"
"IPhone 5S AT&T","5s","1"
"iPhone 5s - excellent condition 16GB","5s","1"
"iPhone 5S - Unlocked - AtoZ Wireless","5s","1"
"iPhone 5S Black 16gb factory unlocked","5s","1"
"iPhone 6 gold AT&T perfect condition","6","1"
"Iphone 6 unlocked 64 gigabytes NEED GONE","6","1"
"iPhone 6 space grey 16gb","6","1"
"NEW iPhone 6","6","1"
"iPhone 6 16gb BRAND NEW","6","1"
"IPHONE 6 16gb","6","1"
"128gb iPhone 6 space grey trade for 128gb gold iPhone six verizon","6","1"
"iPhone 6 Sprint 64 GB , perfect condition","6","1"
"BRAND NEW -iPhone 6 64gb GOLD -AT&T","6","1"
"IPHONE 6 Factory Unlocked","6","1"
"T-mobile iPhone 6 16 gig brand new","6","1"
"Space Grey IPhone 6 AT&T","6","1"
"IPHONE 6 Verizon 128gb","6","1"
"T-Mobile Gold 16gig iPhone 6","6","1"
"Like New Grey iPhone 6 - 16 GB - Unlocked","6","1"
"NEW IPHONE 6 64 factory Unlocked world phone","6","1"
"Apple iPhone 6 (Latest Model) - 64GB - Space Gray (Factory Unlocked)","6","1"
"brand new iphone 6 factory unlock seal box liberado","6","1"
"iPhone 6 AT&T small version 16g 500.00 Obo","6","1"
"IPHONE 6 64GB GOLD BRAND NEW FACTORY UNLOCK, PAID OFF -","6","1"
"16GB Sprint iPhone 6 (Gold)","6","1"
"APPLE IPHONE 6 128GB NEW IN BOX WITH APPLE WARRANTY FACTORY UNLOCKED C","6","1"
"iPhone 6 At&t 16gb brand new!","6","1"
"IPHONE 6 NOW AVAILABLE @ BOOST MOBILE WITH FINANCING","6","1"
"IPHONE 6 TMOBILE SILVER BRAND NEW","6","1"
"Like brand new Gold iphone 6 (Unlocked)","6","1"
"NEW Apple IPHONE 6- Space Gray - 128 GB in BOX- UNLOCKED/ Verizon","6","1"
"iPhone 6 132 gig does not power on","6","1"
"iPhone 6 Boost Mobile","6","1"
"Iphone 6 T-mobile (16GBS)","6","1"
"iPhone 6","6","1"
"Apple iPhone 6 128gb AT&T Space Grey","6","1"
"iPhone 6 | gold | 16gb","6","1"
"IPhone 6!!!!","6","1"
"iPhone 6 128GB white Factory unlocked warranty","6","1"
"IPHONE 6 64 NEW Sealed UNLOCKED ATT;TMOBILE,METRO @ WORLDPHONE","6","1"
"IPHONE 6 16 GB with Tmobile NEW - SELL or TRADE","6","1"
"Iphone 6 Factory Sealed AT&T!","6","1"
"iphone 6 128 gb for sale att provider","6","1"
"Mint condition T-Mobile iPhone 6 gold 16gb *meet at T-Mobile store*","6","1"
"iPhone 6 Gold at&t new cricket","6","1"
"Gold Apple iPhone 6 (AT&T)","6","1"
"Factory Unlocked Iphone 6","6","1"
"iPhone 6 UNLOCKED","6","1"
"iPhone 6","6","1"
"Iphone 6 16gb tmobile","6","1"
"T-Mobile iPhone 6","6","1"
"iphone 6","6","1"
"Verizon Iphone 6 Like New 64G","6","1"
"iPhone 6 16GB AT&T Trade","6","1"
"iPhone 6 - 16 G Verizon","6","1"
"FOR SALE - MINT CONDITION iPHONE 6 - SPACE GRAY - 16GB","6","1"
"BRAND NEW - Sprint iPhone 6 64GB Gold ***CLEAN ESN GUARANTEED!!!***","6","1"
"Space Gray iPhone 6 16gb","6","1"
"IPHONE 6 16GB FOR SALE","6","1"
"Beautiful Iphone 6 4.7 and Iphone Plus Designer Phone Wallets w/slots","6","1"
"Iphone 6 16gb black","6","1"
"128gb T-Mobile IPhone 6 or 32 gb Nexus 6 for sale","6","1"
"Sprint Brand New iPhone 6 64g","6","1"
"AT&T IPhone 6/5s 64 GB Gold","6","1"
"Iphone 6 16g t-mobile","6","1"
"Att iPhone 6","6","1"
"iPhone 6","6","1"
"Apple iPhone 6 128GB Space Gray Verizon Like New In Box","6","1"
"Brand New Sprint iPhone 6 Gold 16GB","6","1"
"Iphone 6 , 64GB, White, Mint Condition","6","1"
"Verizone iPhone 6","6","1"
"iPhone 6 Factory Unlocked !!","6","1"
"Iphone 6 Black 16gb UNLOCKED!!","6","1"
"iPhone 6 (Factory Unlocked)","6","1"
"Iphone 6","6","1"
"iphone 6 64G almost new silver","6","1"
"iPhone 6 Gold with passcode ATnT","6","1"
"iPhone 6 16GB Space Gray ATT","6","1"
"iPhone 6 16 GB","6","1"
"Att Gold 16g iphone 6","6","1"
"NEW iPhone 6 128gb Gold (sprint)","6","1"
"Black Factory Unlocked iPhone 6 16 GB (No iCloud Lock)","6","1"
"BRAND NEW IN BOX IPHONE 6 16GB Tmobile","6","1"
"Iphone 6 gold 64 gig","6","1"
"iPhone 6 Unlocked","6","1"
"iPhone 6 64 gb gold tmobile","6","1"
"16GB Verizon iPhone 6","6","1"
"iphone 6 brand new tmobile 16gb space grey","6","1"
"Silver iPhone 6 for sale 16gb","6","1"
"New iPhone 6 64gb//Verizon//","6","1"
"iPhone 6 de 16 gb 4.7 silver","6","1"
"Gold iPhone 6 + Titanium Beats Studios","6","1"
"iPhone 6 WorldWide Factory Unlocked","6","1"
"Iphone 6 16g unlocked","6","1"
"3 Verizon Iphone 6 64gb Unlock","6","1"
"NICE IPHONE 6 T-Mobile","6","1"
"IPHONE 6 /DIGITIZER LIMITED SPEACIAL","6","1"
"Brand New Unlocked Apple Iphone 6 16gb gray","6","1"
"Brand New iPhone 6 64GB gold for sale!!!! Price is negotiable","6","1"
"iPhone 6 16GB T-Mobile","6","1"
"iPhone 6 16gb Unlocked AT&T T-Mobile Verizon metro cricket","6","1"
"Iphone 6 black","6","1"
"Iphone 6 black","6","1"
"Iphone 6 black","6","1"
"Iphone 6 black","6","1"
"Iphone 6 black","6","1"
"Iphone 6 black","6","1"
"Iphone 6 black","6","1"
"Iphone 6 black","6","1"
"Iphone 6 black","6","1"
"Iphone 6 black","6","1"
"Iphone 6 black","6","1"
"Iphone 6 black","6","1"
"Iphone 6 black","6","1"
"Iphone 6 black","6","1"
"Iphone 6 black","6","1"
"Iphone 6 black","6","1"
"Iphone 6 black","6","1"
"Iphone 6 black","6","1"
"Iphone 6 black","6","1"
"Iphone 6 black","6","1"
"Iphone 6 black","6","1"
"Iphone 6 black","6","1"
"Iphone 6 black","6","1"
"Iphone 6 black","6","1"
"Iphone 6 black","6","1"
"NEW iPhone 6 128gb Gold (sprint), 4 items","6","1"
"NEW iPhone 6 128gb Gold (sprint), 4 items","6","1"
"NEW iPhone 6 128gb Gold (sprint), 4 items","6","1"
"NEW iPhone 6 128gb Gold (sprint), 4 items","6","1"
"NEW iPhone 6 128gb Gold (sprint), 4 items","6","1"
"NEW iPhone 6 128gb Gold (sprint), 4 items","6","1"
"NEW iPhone 6 128gb Gold (sprint), 4 items","6","1"
"NEW iPhone 6 128gb Gold (sprint), 4 items","6","1"
"NEW iPhone 6 128gb Gold (sprint), 4 items","6","1"
"NEW iPhone 6 128gb Gold (sprint), 4 items","6","1"
"NEW iPhone 6 128gb Gold (sprint), 4 items","6","1"
"NEW iPhone 6 128gb Gold (sprint), 4 items","6","1"
"NEW iPhone 6 128gb Gold (sprint), 4 items","6","1"
"NEW iPhone 6 128gb Gold (sprint), 4 items","6","1"
"NEW iPhone 6 128gb Gold (sprint), 4 items","6","1"
"NEW iPhone 6 128gb Gold (sprint), 4 items","6","1"
"NEW iPhone 6 128gb Gold (sprint), 4 items","6","1"
"NEW iPhone 6 128gb Gold (sprint), 4 items","6","1"
"NEW iPhone 6 128gb Gold (sprint), 4 items","6","1"
"NEW iPhone 6 128gb Gold (sprint), 4 items","6","1"
"NEW iPhone 6 128gb Gold (sprint), 4 items","6","1"
"NEW iPhone 6 128gb Gold (sprint), 4 items","6","1"
"NEW iPhone 6 128gb Gold (sprint), 4 items","6","1"
"NEW iPhone 6 128gb Gold (sprint), 4 items","6","1"
"NEW iPhone 6 128gb Gold (sprint), 4 items","6","1"
"Black Factory Unlocked iPhone 6 16 GB (No iCloud Lock)","6","1"
"Black Factory Unlocked iPhone 6 16 GB (No iCloud Lock)","6","1"
"Black Factory Unlocked iPhone 6 16 GB (No iCloud Lock)","6","1"
"Black Factory Unlocked iPhone 6 16 GB (No iCloud Lock)","6","1"
"Black Factory Unlocked iPhone 6 16 GB (No iCloud Lock)","6","1"
"Black Factory Unlocked iPhone 6 16 GB (No iCloud Lock)","6","1"
"Black Factory Unlocked iPhone 6 16 GB (No iCloud Lock)","6","1"
"Black Factory Unlocked iPhone 6 16 GB (No iCloud Lock)","6","1"
"Black Factory Unlocked iPhone 6 16 GB (No iCloud Lock)","6","1"
"Black Factory Unlocked iPhone 6 16 GB (No iCloud Lock)","6","1"
"Black Factory Unlocked iPhone 6 16 GB (No iCloud Lock)","6","1"
"Black Factory Unlocked iPhone 6 16 GB (No iCloud Lock)","6","1"
"Black Factory Unlocked iPhone 6 16 GB (No iCloud Lock)","6","1"
"Black Factory Unlocked iPhone 6 16 GB (No iCloud Lock)","6","1"
"Black Factory Unlocked iPhone 6 16 GB (No iCloud Lock)","6","1"
"Black Factory Unlocked iPhone 6 16 GB (No iCloud Lock)","6","1"
"Black Factory Unlocked iPhone 6 16 GB (No iCloud Lock)","6","1"
"Black Factory Unlocked iPhone 6 16 GB (No iCloud Lock)","6","1"
"Black Factory Unlocked iPhone 6 16 GB (No iCloud Lock)","6","1"
"Black Factory Unlocked iPhone 6 16 GB (No iCloud Lock)","6","1"
"Black Factory Unlocked iPhone 6 16 GB (No iCloud Lock)","6","1"
"Black Factory Unlocked iPhone 6 16 GB (No iCloud Lock)","6","1"
"Black Factory Unlocked iPhone 6 16 GB (No iCloud Lock)","6","1"
"Black Factory Unlocked iPhone 6 16 GB (No iCloud Lock)","6","1"
"Black Factory Unlocked iPhone 6 16 GB (No iCloud Lock)","6","1"
"IPhone 6 plus","6+","1"
"BRAND NEW 128GB iPhone 6 Plus Gold Sprint CLEAN ESN GUARANTEED!","6+","1"
"Att iPhone 6 plus 128 gb white with silver trim","6+","1"
"iPhone 6 plus T-Mobile Gold","6+","1"
"iPhone 6 plus unlocked","6+","1"
"BNIB Apple Iphone 6+ 128gb Silver 6 PLUS - CASH ONLY","6+","1"
"Iphone 6 Plus Verizon - Silver 64gb - SEALED","6+","1"
"IPHONE 6 PLUS UNLOCKED&GOLD&64GB","6+","1"
"IPhone 6 plus 128gb Space Gray T-Mobile Brand New (unopened)","6+","1"
"iPhone 6 plus AT&T 16gb any color.","6+","1"
"Apple iphone 6 plus 16GB space gray AT&T! Bonus FREE case!","6+","1"
"Sprint - IPHONE 6 Plus -New","6+","1"
"iPhone 6 plus 64gb AT&T/Factory unlocked.","6+","1"
"iPhone 6 Plus - 64GB - Gold - Retail Unlocked - New!","6+","1"
"Unlocked iPhone 6 Plus Gold with Incipio Phone Cover","6+","1"
"IPhone 6 plus","6+","1"
"New iPhone 6 plus 128gb gold(Factory unlocked","6+","1"
"iPhone 6+ 64gb unlocked","6+","1"
"Silver iPhone 6 plus 64Gb AT&T or Cricket $700OBO","6+","1"
"Apple iPhone 6 Plus Gold - 16GB SPRINT new in box!","6+","1"
"iPhone 6plus gold 600obo","6+","1"
"WTT iPhone 6+ 64gb","6+","1"
"iPhone 6 plus Verizon","6+","1"
"Apple iPhone 6 Plus 16GB","6+","1"
"iPhone 6 Plus Brand New 128GB","6+","1"
"Iphone 6 plus mint condition AT&T (!ICLOUD LOCK!)","6+","1"
"Iphone 6 plus","6+","1"
"new iphone 6 plus Otterbox Defender","6+","1"
"Apple iPhone 6+ 6 Plus Gold 16gb Cracked Screen Won't Charge","6+","1"
"Iphone 6plus T-Mobile 600","6+","1"
"iPhone 6 plus 16 GB spacy gray. Verizon unlocked","6+","1"
"IPHONE TMOBILE 6PLUS RESET SILVER&BLACK","6+","1"
"**BRAND NEW 128GB iPhone 6 Plus Gold Sprint CLEAN ESN GUARANTEED**","6+","1"
"Factory unlocked iPhone 6 plus 64gb gold","6+","1"
"iPhone 6 plus at & t 128gb for sale or trade","6+","1"
"Iphone 6plus 16G (T-mobile)","6+","1"
"iPhone 6 plus for sell. Brand new box and privacy screen protector and leather a","6+","1"
"Iphone 6 plus 64 gig in grey. UNLOCKED!!!","6+","1"
"iPhone 6 plus 64 gb with applecare+ trade for iPhone 6","6+","1"
"IPHONE 6 PLUS","6+","1"
"Tmobile Iphone 6+","6+","1"
"iphone 6 plus(Tmobile)","6+","1"
"Space Gray iPhone 6plus Unlock 64gig","6+","1"
"iPhone 6 plud plus case","6+","1"
"Iphone 6 plus sprint (64gb)","6+","1"
"IPHONE 6+ 64GB SILVER UNLOCKED SEALED!","6+","1"
"Apple iPhone 6+ Plus 16GB T-Mobile Bad ESN","6+","1"
"iPhone 6 Plus","6+","1"
"iphone 6 plus gold","6+","1"
"Iphone 6 Plus for Sale T-Mobile","6+","1"
"Apple iPhone 6 plus - 64GB - gold - factory unlocked","6+","1"
"Apple iPhone 6 plus / 16GB / space grey (AT&T)","6+","1"
"like new iPhone 6plus","6+","1"
"Atnt iPhone 6plus gold 128g","6+","1"
"iPhone 6+ Silver Att","6+","1"
"Mint factory unlocked iphone 6plus 16gb AT&T.","6+","1"
"Brand New Sealed iphone 6Plus Silver","6+","1"
"IPHONE 6+ ( plus ) WHITE AND GOLD64gigs LIKE NEW !","6+","1"
"vendo un iphone 6 plus tmobile","6+","1"
"iPhone 6 plus tmobile","6+","1"
"iPhone 6 plus 16gb T mobile","6+","1"
"iPhone 6 plus small crack sprint","6+","1"
"Sprint Iphone 6 plus","6+","1"
"iphone 6 plus gold sealed look!!!!","6+","1"
"iPhone 6 plus 128gb AT&T","6+","1"
"Iphone 6 16GB and 6plus 64GB for sale","6+","1"
"Gold--Unlocked Iphone 6-Brand New","6+","1"
"Like New iPhone 6+ 64GB Gold w/ Lifeproof","6+","1"
"t-mobile iPhone 6 plus","6+","1"
"Mint factory unlocked iphone 6plus 16gb AT&T.","6+","1"
"iPhone 6 Plus 64GB AT&T Factory Unlocked","6+","1"
"iPhone 6 plus space grey 64gb","6+","1"
"iPhone 6 plus 128gb AT&T","6+","1"
"iPhone 6 plus 128gb AT&T","6+","1"
"iPhone 6 plus 128gb AT&T","6+","1"
"iPhone 6 plus 128gb AT&T","6+","1"
"iPhone 6 plus 128gb AT&T","6+","1"
"iPhone 6 plus 128gb AT&T","6+","1"
"iPhone 6 plus 128gb AT&T","6+","1"
"iPhone 6 plus 128gb AT&T","6+","1"
"iPhone 6 plus 128gb AT&T","6+","1"
"iPhone 6 plus 128gb AT&T","6+","1"
"iPhone 6 plus 128gb AT&T","6+","1"
"iPhone 6 plus 128gb AT&T","6+","1"
"iPhone 6 plus 128gb AT&T","6+","1"
"iPhone 6 plus 128gb AT&T","6+","1"
"iPhone 6 plus 128gb AT&T","6+","1"
"iPhone 6 plus 128gb AT&T","6+","1"
"iPhone 6 plus 128gb AT&T","6+","1"
"iPhone 6 plus 128gb AT&T","6+","1"
"iPhone 6 plus 128gb AT&T","6+","1"
"iPhone 6 plus 128gb AT&T","6+","1"
"iPhone 6 plus 128gb AT&T","6+","1"
"iPhone 6 plus 128gb AT&T","6+","1"
"iPhone 6 plus 128gb AT&T","6+","1"
"iPhone 6 plus 128gb AT&T","6+","1"
"iPhone 6 plus 128gb AT&T","6+","1"
"Iphone 6+ black new","6+","1"
"Iphone 6+ black new","6+","1"
"Iphone 6+ black new","6+","1"
"Iphone 6+ black new","6+","1"
"Iphone 6+ black new","6+","1"
"Iphone 6+ black new","6+","1"
"Iphone 6+ black new","6+","1"
"Iphone 6+ black new","6+","1"
"Iphone 6+ black new","6+","1"
"Iphone 6+ black new","6+","1"
"Iphone 6+ black new","6+","1"
"Iphone 6+ black new","6+","1"
"Iphone 6+ black new","6+","1"
"Iphone 6+ black new","6+","1"
"Iphone 6+ black new","6+","1"
"Iphone 6+ black new","6+","1"
"Iphone 6+ black new","6+","1"
"Iphone 6+ black new","6+","1"
"Iphone 6+ black new","6+","1"
"Iphone 6+ black new","6+","1"
"Iphone 6+ black new","6+","1"
"Iphone 6+ black new","6+","1"
"Iphone 6+ black new","6+","1"
"Iphone 6+ black new","6+","1"
"Iphone 6+ black new","6+","1"
"apple iphone 6 plus ‚Äì in box","6+","1"
"apple iphone 6 plus ‚Äì in box","6+","1"
"apple iphone 6 plus ‚Äì in box","6+","1"
"apple iphone 6 plus ‚Äì in box","6+","1"
"apple iphone 6 plus ‚Äì in box","6+","1"
"apple iphone 6 plus ‚Äì in box","6+","1"
"apple iphone 6 plus ‚Äì in box","6+","1"
"apple iphone 6 plus ‚Äì in box","6+","1"
"apple iphone 6 plus ‚Äì in box","6+","1"
"apple iphone 6 plus ‚Äì in box","6+","1"
"apple iphone 6 plus ‚Äì in box","6+","1"
"apple iphone 6 plus ‚Äì in box","6+","1"
"apple iphone 6 plus ‚Äì in box","6+","1"
"apple iphone 6 plus ‚Äì in box","6+","1"
"apple iphone 6 plus ‚Äì in box","6+","1"
"apple iphone 6 plus ‚Äì in box","6+","1"
"apple iphone 6 plus ‚Äì in box","6+","1"
"apple iphone 6 plus ‚Äì in box","6+","1"
"apple iphone 6 plus ‚Äì in box","6+","1"
"apple iphone 6 plus ‚Äì in box","6+","1"
"apple iphone 6 plus ‚Äì in box","6+","1"
"apple iphone 6 plus ‚Äì in box","6+","1"
"apple iphone 6 plus ‚Äì in box","6+","1"
"apple iphone 6 plus ‚Äì in box","6+","1"
"apple iphone 6 plus ‚Äì in box","6+","1"
"t-mobile iPhone 6 plus","6+","1"
"t-mobile iPhone 6 plus","6+","1"
"t-mobile iPhone 6 plus","6+","1"
"t-mobile iPhone 6 plus","6+","1"
"t-mobile iPhone 6 plus","6+","1"
"t-mobile iPhone 6 plus","6+","1"
"t-mobile iPhone 6 plus","6+","1"
"t-mobile iPhone 6 plus","6+","1"
"t-mobile iPhone 6 plus","6+","1"
"t-mobile iPhone 6 plus","6+","1"
"t-mobile iPhone 6 plus","6+","1"
"t-mobile iPhone 6 plus","6+","1"
"t-mobile iPhone 6 plus","6+","1"
"t-mobile iPhone 6 plus","6+","1"
"t-mobile iPhone 6 plus","6+","1"
"t-mobile iPhone 6 plus","6+","1"
"t-mobile iPhone 6 plus","6+","1"
"t-mobile iPhone 6 plus","6+","1"
"t-mobile iPhone 6 plus","6+","1"
"t-mobile iPhone 6 plus","6+","1"
"t-mobile iPhone 6 plus","6+","1"
"t-mobile iPhone 6 plus","6+","1"
"t-mobile iPhone 6 plus","6+","1"
"t-mobile iPhone 6 plus","6+","1"
"t-mobile iPhone 6 plus","6+","1"
